chapter,act_name,xml_link
A-1,Access to Information Act,https://laws-lois.justice.gc.ca/eng/XML/A-1.xml
A-0.6,Accessible Canada Act,https://laws-lois.justice.gc.ca/eng/XML/A-0.6.xml
A-1.3,Addition of Lands to Reserves and Reserve Creation Act,https://laws-lois.justice.gc.ca/eng/XML/A-1.3.xml
A-1.5,Administrative Tribunals Support Service of Canada Act,https://laws-lois.justice.gc.ca/eng/XML/A-1.5.xml
C-49,"Advance Payments for Crops Act [Repealed, 1997, c. 20, s. 45]",https://laws-lois.justice.gc.ca/eng/XML/C-49.xml
A-2,Aeronautics Act,https://laws-lois.justice.gc.ca/eng/XML/A-2.xml
A-2.4,"Agreement on Internal Trade Implementation Act [Repealed, 2017, c. 33, s. 228]",https://laws-lois.justice.gc.ca/eng/XML/A-2.4.xml
Z-02,Agreements and Conventions,https://laws-lois.justice.gc.ca/eng/XML/Z-02.xml
A-3,Agricultural and Rural Development Act (ARDA),https://laws-lois.justice.gc.ca/eng/XML/A-3.xml
A-3.7,Agricultural Marketing Programs Act,https://laws-lois.justice.gc.ca/eng/XML/A-3.7.xml
A-5,"Agricultural Products Cooperative Marketing Act [Repealed, 1997, c. 20, s. 44]",https://laws-lois.justice.gc.ca/eng/XML/A-5.xml
A-6,Agricultural Products Marketing Act,https://laws-lois.justice.gc.ca/eng/XML/A-6.xml
A-8.8,Agriculture and Agri-Food Administrative Monetary Penalties Act,https://laws-lois.justice.gc.ca/eng/XML/A-8.8.xml
A-10.1,Air Canada Public Participation Act,https://laws-lois.justice.gc.ca/eng/XML/A-10.1.xml
A-10.5,Air Travellers Security Charge Act,https://laws-lois.justice.gc.ca/eng/XML/A-10.5.xml
A-10.4,Airport Transfer (Miscellaneous Matters) Act,https://laws-lois.justice.gc.ca/eng/XML/A-10.4.xml
A-10.6,Alberta Natural Resources Act,https://laws-lois.justice.gc.ca/eng/XML/A-10.6.xml
A-10.7,Alternative Fuels Act,https://laws-lois.justice.gc.ca/eng/XML/A-10.7.xml
z-3343,"An Act to amend An Act to amend the Criminal Code (medical assistance in dying), No. 2",https://laws-lois.justice.gc.ca/eng/XML/z-3343.xml
A-11.2,Animal Pedigree Act,https://laws-lois.justice.gc.ca/eng/XML/A-11.2.xml
A-11.3,Anishinabek Nation Education Agreement Act,https://laws-lois.justice.gc.ca/eng/XML/A-11.3.xml
A-11.31,Anishinabek Nation Governance Agreement Act,https://laws-lois.justice.gc.ca/eng/XML/A-11.31.xml
A-11.4,Annulment of Marriages Act (Ontario),https://laws-lois.justice.gc.ca/eng/XML/A-11.4.xml
A-11.44,Antarctic Environmental Protection Act,https://laws-lois.justice.gc.ca/eng/XML/A-11.44.xml
A-11.5,Anti-Personnel Mines Convention Implementation Act,https://laws-lois.justice.gc.ca/eng/XML/A-11.5.xml
A-11.7,Anti-terrorism Act,https://laws-lois.justice.gc.ca/eng/XML/A-11.7.xml
A-11.9,Apprentice Loans Act,https://laws-lois.justice.gc.ca/eng/XML/A-11.9.xml
Z-01,Appropriation Acts,https://laws-lois.justice.gc.ca/eng/XML/Z-01.xml
A-12,Arctic Waters Pollution Prevention Act,https://laws-lois.justice.gc.ca/eng/XML/A-12.xml
A-12.8,Asian Infrastructure Investment Bank Agreement Act,https://laws-lois.justice.gc.ca/eng/XML/A-12.8.xml
A-13,Asia-Pacific Foundation of Canada Act,https://laws-lois.justice.gc.ca/eng/XML/A-13.xml
A-13.4,Assisted Human Reproduction Act,https://laws-lois.justice.gc.ca/eng/XML/A-13.4.xml
A-13.7,Atlantic Canada Opportunities Agency Act,https://laws-lois.justice.gc.ca/eng/XML/A-13.7.xml
A-14,Atlantic Fisheries Restructuring Act,https://laws-lois.justice.gc.ca/eng/XML/A-14.xml
A-17,Auditor General Act,https://laws-lois.justice.gc.ca/eng/XML/A-17.xml
A-17.5,"Authority of the Federal District Commission to have acquired certain lands, An Act to confirm the",https://laws-lois.justice.gc.ca/eng/XML/A-17.5.xml
A-18.5,Aviation Industry Indemnity Act,https://laws-lois.justice.gc.ca/eng/XML/A-18.5.xml
A-18.8,Avoiding Complicity in Mistreatment by Foreign Entities Act,https://laws-lois.justice.gc.ca/eng/XML/A-18.8.xml
B-1.01,Bank Act,https://laws-lois.justice.gc.ca/eng/XML/B-1.01.xml
B-1.5,Bank for International Settlements (Immunity) Act,https://laws-lois.justice.gc.ca/eng/XML/B-1.5.xml
B-1.7,Bank of British Columbia Business Continuation Act,https://laws-lois.justice.gc.ca/eng/XML/B-1.7.xml
B-2,Bank of Canada Act,https://laws-lois.justice.gc.ca/eng/XML/B-2.xml
B-3,Bankruptcy and Insolvency Act,https://laws-lois.justice.gc.ca/eng/XML/B-3.xml
B-3.4,Beechwood Power Project Act,https://laws-lois.justice.gc.ca/eng/XML/B-3.4.xml
B-3.6,Bell Canada Act,https://laws-lois.justice.gc.ca/eng/XML/B-3.6.xml
B-4,Bills of Exchange Act,https://laws-lois.justice.gc.ca/eng/XML/B-4.xml
B-5,Bills of Lading Act,https://laws-lois.justice.gc.ca/eng/XML/B-5.xml
B-5.3,"Biological and Toxin Weapons Convention Implementation Act [Repealed before coming into force, 2008, c. 20, s",https://laws-lois.justice.gc.ca/eng/XML/B-5.3.xml
B-5.5,"Blue Water Bridge Authority Act [Repealed, 2013, c. 40, s. 268]",https://laws-lois.justice.gc.ca/eng/XML/B-5.5.xml
B-6,Boards of Trade Act,https://laws-lois.justice.gc.ca/eng/XML/B-6.xml
B-6.3,Borrowing Authority Act,https://laws-lois.justice.gc.ca/eng/XML/B-6.3.xml
B-6.4,Boucherville Islands Bridge and Tunnel Act,https://laws-lois.justice.gc.ca/eng/XML/B-6.4.xml
B-7,Bretton Woods and Related Agreements Act,https://laws-lois.justice.gc.ca/eng/XML/B-7.xml
B-8.05,Bridge To Strengthen Trade Act,https://laws-lois.justice.gc.ca/eng/XML/B-8.05.xml
B-8,Bridges Act,https://laws-lois.justice.gc.ca/eng/XML/B-8.xml
B-8.2,British Columbia Grain Handling Operations Act,https://laws-lois.justice.gc.ca/eng/XML/B-8.2.xml
B-8.3,British Columbia Indian Cut-off Lands Settlement Act,https://laws-lois.justice.gc.ca/eng/XML/B-8.3.xml
T-10.2,"British Columbia Indian Lands Settlement Act, The",https://laws-lois.justice.gc.ca/eng/XML/T-10.2.xml
B-8.4,British Columbia Indian Reserves Mineral Resources Act,https://laws-lois.justice.gc.ca/eng/XML/B-8.4.xml
B-8.5,British Columbia Treaty Commission Act,https://laws-lois.justice.gc.ca/eng/XML/B-8.5.xml
B-9.01,Broadcasting Act,https://laws-lois.justice.gc.ca/eng/XML/B-9.01.xml
B-9.6,"Budget and Economic Statement Implementation Act, 2007",https://laws-lois.justice.gc.ca/eng/XML/B-9.6.xml
B-9.8,"Budget Implementation Act, 1995",https://laws-lois.justice.gc.ca/eng/XML/B-9.8.xml
B-9.81,"Budget Implementation Act, 1997",https://laws-lois.justice.gc.ca/eng/XML/B-9.81.xml
B-9.82,"Budget Implementation Act, 1998",https://laws-lois.justice.gc.ca/eng/XML/B-9.82.xml
B-9.83,"Budget Implementation Act, 1999",https://laws-lois.justice.gc.ca/eng/XML/B-9.83.xml
B-9.84,"Budget Implementation Act, 2000",https://laws-lois.justice.gc.ca/eng/XML/B-9.84.xml
B-9.85,"Budget Implementation Act, 2001",https://laws-lois.justice.gc.ca/eng/XML/B-9.85.xml
B-9.851,"Budget Implementation Act, 2003",https://laws-lois.justice.gc.ca/eng/XML/B-9.851.xml
B-9.852,"Budget Implementation Act, 2004",https://laws-lois.justice.gc.ca/eng/XML/B-9.852.xml
B-9.853,"Budget Implementation Act, 2004, No. 2",https://laws-lois.justice.gc.ca/eng/XML/B-9.853.xml
B-9.854,"Budget Implementation Act, 2005",https://laws-lois.justice.gc.ca/eng/XML/B-9.854.xml
B-9.855,"Budget Implementation Act, 2006",https://laws-lois.justice.gc.ca/eng/XML/B-9.855.xml
B-9.856,"Budget Implementation Act, 2007",https://laws-lois.justice.gc.ca/eng/XML/B-9.856.xml
B-9.857,"Budget Implementation Act, 2008",https://laws-lois.justice.gc.ca/eng/XML/B-9.857.xml
B-9.858,"Budget Implementation Act, 2009",https://laws-lois.justice.gc.ca/eng/XML/B-9.858.xml
B-9.859,"Budget Implementation Act, 2017, No. 1",https://laws-lois.justice.gc.ca/eng/XML/B-9.859.xml
B-9.8591,"Budget Implementation Act, 2017, No. 2",https://laws-lois.justice.gc.ca/eng/XML/B-9.8591.xml
B-9.8592,"Budget Implementation Act, 2018, No. 1",https://laws-lois.justice.gc.ca/eng/XML/B-9.8592.xml
B-9.8593,"Budget Implementation Act, 2019, No. 1",https://laws-lois.justice.gc.ca/eng/XML/B-9.8593.xml
B-9.8594,"Budget Implementation Act, 2021, No. 1",https://laws-lois.justice.gc.ca/eng/XML/B-9.8594.xml
B-9.8595,"Budget Implementation Act, 2022, No. 1",https://laws-lois.justice.gc.ca/eng/XML/B-9.8595.xml
B-9.8596,"Budget Implementation Act, 2024, No. 1",https://laws-lois.justice.gc.ca/eng/XML/B-9.8596.xml
B-9.86,Buffalo and Fort Erie Public Bridge Company Act,https://laws-lois.justice.gc.ca/eng/XML/B-9.86.xml
B-9.88,Building a Green Prairie Economy Act,https://laws-lois.justice.gc.ca/eng/XML/B-9.88.xml
B-9.9,Business Development Bank of Canada Act,https://laws-lois.justice.gc.ca/eng/XML/B-9.9.xml
C-0.3,Campobello-Lubec Bridge Act,https://laws-lois.justice.gc.ca/eng/XML/C-0.3.xml
C-0.4,"Canada Agricultural Products Act [Repealed, 2012, c. 24, s. 78]",https://laws-lois.justice.gc.ca/eng/XML/C-0.4.xml
C-0.5,"Canada and Taiwan Territories Tax Arrangement Act, 2016",https://laws-lois.justice.gc.ca/eng/XML/C-0.5.xml
C-1.4,Canada Border Services Agency Act,https://laws-lois.justice.gc.ca/eng/XML/C-1.4.xml
C-44,Canada Business Corporations Act,https://laws-lois.justice.gc.ca/eng/XML/C-44.xml
C-1.68,Canada Consumer Product Safety Act,https://laws-lois.justice.gc.ca/eng/XML/C-1.68.xml
C-1.7,Canada Cooperatives Act,https://laws-lois.justice.gc.ca/eng/XML/C-1.7.xml
C-1.8,"Canada Corporations Act [Repealed, 2009, c. 23, s. 313]",https://laws-lois.justice.gc.ca/eng/XML/C-1.8.xml
C-2,Canada Council for the Arts Act,https://laws-lois.justice.gc.ca/eng/XML/C-2.xml
C-3,Canada Deposit Insurance Corporation Act,https://laws-lois.justice.gc.ca/eng/XML/C-3.xml
C-3.4,Canada Development Corporation Reorganization Act,https://laws-lois.justice.gc.ca/eng/XML/C-3.4.xml
C-3.45,Canada Disability Benefit Act,https://laws-lois.justice.gc.ca/eng/XML/C-3.45.xml
C-3.5,Canada Disability Savings Act,https://laws-lois.justice.gc.ca/eng/XML/C-3.5.xml
C-3.55,Canada Early Learning and Child Care Act,https://laws-lois.justice.gc.ca/eng/XML/C-3.55.xml
C-3.6,Canada Education Savings Act,https://laws-lois.justice.gc.ca/eng/XML/C-3.6.xml
E-2.01,Canada Elections Act,https://laws-lois.justice.gc.ca/eng/XML/E-2.01.xml
C-3.7,Canada Emergency Response Benefit Act,https://laws-lois.justice.gc.ca/eng/XML/C-3.7.xml
C-3.75,Canada Emergency Student Benefit Act,https://laws-lois.justice.gc.ca/eng/XML/C-3.75.xml
C-3.8,Canada Emission Reduction Incentives Agency Act,https://laws-lois.justice.gc.ca/eng/XML/C-3.8.xml
C-4.4,"Canada Employment Insurance Financing Board Act [Repealed, 2013, c. 40, s. 137]",https://laws-lois.justice.gc.ca/eng/XML/C-4.4.xml
C-5,Canada Evidence Act,https://laws-lois.justice.gc.ca/eng/XML/C-5.xml
C-5.5,Canada Foundation for Sustainable Development Technology Act,https://laws-lois.justice.gc.ca/eng/XML/C-5.5.xml
C-5.7,Canada Fund for Africa Act,https://laws-lois.justice.gc.ca/eng/XML/C-5.7.xml
G-10,Canada Grain Act,https://laws-lois.justice.gc.ca/eng/XML/G-10.xml
C-6,Canada Health Act,https://laws-lois.justice.gc.ca/eng/XML/C-6.xml
C-6.1,"Canada Health Care, Early Childhood Development and Other Social Services Funding Act",https://laws-lois.justice.gc.ca/eng/XML/C-6.1.xml
C-6.18,Canada Infrastructure Bank Act,https://laws-lois.justice.gc.ca/eng/XML/C-6.18.xml
C-6.19,Canada Innovation Corporation Act [Not in force],https://laws-lois.justice.gc.ca/eng/XML/C-6.19.xml
L-2,Canada Labour Code,https://laws-lois.justice.gc.ca/eng/XML/L-2.xml
L-5.8,Canada Lands Surveyors Act,https://laws-lois.justice.gc.ca/eng/XML/L-5.8.xml
L-6,Canada Lands Surveys Act,https://laws-lois.justice.gc.ca/eng/XML/L-6.xml
C-6.7,Canada Marine Act,https://laws-lois.justice.gc.ca/eng/XML/C-6.7.xml
C-7,Canada Mortgage and Housing Corporation Act,https://laws-lois.justice.gc.ca/eng/XML/C-7.xml
C-7.3,Canada National Marine Conservation Areas Act,https://laws-lois.justice.gc.ca/eng/XML/C-7.3.xml
N-14.01,Canada National Parks Act,https://laws-lois.justice.gc.ca/eng/XML/N-14.01.xml
C-7.75,Canada Not-for-profit Corporations Act,https://laws-lois.justice.gc.ca/eng/XML/C-7.75.xml
O-7,Canada Oil and Gas Operations Act,https://laws-lois.justice.gc.ca/eng/XML/O-7.xml
C-8,Canada Pension Plan,https://laws-lois.justice.gc.ca/eng/XML/C-8.xml
C-8.3,Canada Pension Plan Investment Board Act,https://laws-lois.justice.gc.ca/eng/XML/C-8.3.xml
C-8.5,Canada Petroleum Resources Act,https://laws-lois.justice.gc.ca/eng/XML/C-8.5.xml
C-10,Canada Post Corporation Act,https://laws-lois.justice.gc.ca/eng/XML/C-10.xml
C-10.1,Canada Prize Act,https://laws-lois.justice.gc.ca/eng/XML/C-10.1.xml
C-10.10,Canada Recovery Benefits Act,https://laws-lois.justice.gc.ca/eng/XML/C-10.10.xml
C-10.11,Canada Revenue Agency Act,https://laws-lois.justice.gc.ca/eng/XML/C-10.11.xml
C-10.13,Canada School of Public Service Act,https://laws-lois.justice.gc.ca/eng/XML/C-10.13.xml
S-9,"Canada Shipping Act [Repealed, 2001, c. 26, s. 332]",https://laws-lois.justice.gc.ca/eng/XML/S-9.xml
C-10.15,"Canada Shipping Act, 2001",https://laws-lois.justice.gc.ca/eng/XML/C-10.15.xml
C-10.2,Canada Small Business Financing Act,https://laws-lois.justice.gc.ca/eng/XML/C-10.2.xml
C-10.3,Canada Strategic Infrastructure Fund Act,https://laws-lois.justice.gc.ca/eng/XML/C-10.3.xml
S-22.7,Canada Student Financial Assistance Act,https://laws-lois.justice.gc.ca/eng/XML/S-22.7.xml
S-23,Canada Student Loans Act,https://laws-lois.justice.gc.ca/eng/XML/S-23.xml
C-10.4,Canada Transportation Act,https://laws-lois.justice.gc.ca/eng/XML/C-10.4.xml
C-10.5,Canada Travelling Exhibitions Indemnification Act,https://laws-lois.justice.gc.ca/eng/XML/C-10.5.xml
C-11,Canada Water Act,https://laws-lois.justice.gc.ca/eng/XML/C-11.xml
C-11.001,Canada Water Agency Act,https://laws-lois.justice.gc.ca/eng/XML/C-11.001.xml
W-9,Canada Wildlife Act,https://laws-lois.justice.gc.ca/eng/XML/W-9.xml
C-11.01,Canada Worker Lockdown Benefit Act,https://laws-lois.justice.gc.ca/eng/XML/C-11.01.xml
C-0.6,"Canada-Argentina Income Tax Convention Act, 1994",https://laws-lois.justice.gc.ca/eng/XML/C-0.6.xml
C-0.7,"Canada–Armenia Tax Convention Act, 2004",https://laws-lois.justice.gc.ca/eng/XML/C-0.7.xml
C-1.2,"Canada–Azerbaijan Tax Convention Act, 2004",https://laws-lois.justice.gc.ca/eng/XML/C-1.2.xml
C-1.3,"Canada-Belgium Income Tax Convention Act, 1976",https://laws-lois.justice.gc.ca/eng/XML/C-1.3.xml
C-1.5,"Canada-Brazil Income Tax Convention Act, 1984",https://laws-lois.justice.gc.ca/eng/XML/C-1.5.xml
C-1.6,Canada–Chile Free Trade Agreement Implementation Act,https://laws-lois.justice.gc.ca/eng/XML/C-1.6.xml
C-1.65,Canada–Colombia Free Trade Agreement Implementation Act,https://laws-lois.justice.gc.ca/eng/XML/C-1.65.xml
C-1.66,"Canada–Colombia Tax Convention Act, 2010",https://laws-lois.justice.gc.ca/eng/XML/C-1.66.xml
C-1.9,Canada–Costa Rica Free Trade Agreement Implementation Act,https://laws-lois.justice.gc.ca/eng/XML/C-1.9.xml
C-3.65,Canada–EFTA Free Trade Agreement Implementation Act,https://laws-lois.justice.gc.ca/eng/XML/C-3.65.xml
C-4.8,Canada–European Union Comprehensive Economic and Trade Agreement Implementation Act,https://laws-lois.justice.gc.ca/eng/XML/C-4.8.xml
C-5.2,"Canada–Finland Tax Convention Act, 2006",https://laws-lois.justice.gc.ca/eng/XML/C-5.2.xml
C-5.8,"Canada–Gabon Tax Convention Act, 2004",https://laws-lois.justice.gc.ca/eng/XML/C-5.8.xml
C-5.85,"Canada-Germany Tax Agreement Act, 1982",https://laws-lois.justice.gc.ca/eng/XML/C-5.85.xml
C-5.9,"Canada–Greece Tax Convention Act, 2010",https://laws-lois.justice.gc.ca/eng/XML/C-5.9.xml
C-6.10,Canada–Honduras Economic Growth and Prosperity Act,https://laws-lois.justice.gc.ca/eng/XML/C-6.10.xml
C-6.15,"Canada–Hong Kong Tax Agreement Act, 2013",https://laws-lois.justice.gc.ca/eng/XML/C-6.15.xml
C-6.2,Canadair Limited Divestiture Authorization Act,https://laws-lois.justice.gc.ca/eng/XML/C-6.2.xml
C-6.3,"Canada–Ireland Tax Convention Act, 2004",https://laws-lois.justice.gc.ca/eng/XML/C-6.3.xml
C-6.4,Canada–Israel Free Trade Agreement Implementation Act,https://laws-lois.justice.gc.ca/eng/XML/C-6.4.xml
C-6.42,"Canada–Israel Tax Convention Act, 2016",https://laws-lois.justice.gc.ca/eng/XML/C-6.42.xml
C-6.45,Canada–Jordan Economic Growth and Prosperity Act,https://laws-lois.justice.gc.ca/eng/XML/C-6.45.xml
C-6.48,Canada–Korea Economic Growth and Prosperity Act,https://laws-lois.justice.gc.ca/eng/XML/C-6.48.xml
C-6.5,"Canada–Korea Income Tax Convention Act, 1980",https://laws-lois.justice.gc.ca/eng/XML/C-6.5.xml
C-6.6,"Canada–Kuwait Tax Agreement Act, 2002",https://laws-lois.justice.gc.ca/eng/XML/C-6.6.xml
C-6.65,"Canada–Madagascar Tax Convention Act, 2018",https://laws-lois.justice.gc.ca/eng/XML/C-6.65.xml
C-6.85,"Canada–Mexico Tax Convention Act, 2006",https://laws-lois.justice.gc.ca/eng/XML/C-6.85.xml
C-6.87,"Canada-Mexico Tax Information Exchange Convention Act, 1991",https://laws-lois.justice.gc.ca/eng/XML/C-6.87.xml
C-6.9,"Canada–Moldova Tax Convention Act, 2002",https://laws-lois.justice.gc.ca/eng/XML/C-6.9.xml
C-6.94,"Canada–Mongolia Tax Convention Act, 2002",https://laws-lois.justice.gc.ca/eng/XML/C-6.94.xml
C-7.2,"Canada–Namibia Tax Convention Act, 2013",https://laws-lois.justice.gc.ca/eng/XML/C-7.2.xml
C-7.5,Canada–Newfoundland and Labrador Atlantic Accord Implementation Act,https://laws-lois.justice.gc.ca/eng/XML/C-7.5.xml
C-7.7,"Canada–Norway Tax Convention Act, 2002",https://laws-lois.justice.gc.ca/eng/XML/C-7.7.xml
C-7.8,Canada-Nova Scotia Offshore Petroleum Resources Accord Implementation Act,https://laws-lois.justice.gc.ca/eng/XML/C-7.8.xml
C-7.9,"Canada–Oman Tax Agreement Act, 2004",https://laws-lois.justice.gc.ca/eng/XML/C-7.9.xml
C-7.95,Canada–Panama Economic Growth and Prosperity Act,https://laws-lois.justice.gc.ca/eng/XML/C-7.95.xml
C-8.4,Canada–Peru Free Trade Agreement Implementation Act,https://laws-lois.justice.gc.ca/eng/XML/C-8.4.xml
C-8.8,"Canada–Poland Tax Convention Act, 2013",https://laws-lois.justice.gc.ca/eng/XML/C-8.8.xml
C-10.14,"Canada–Serbia Tax Convention Act, 2013",https://laws-lois.justice.gc.ca/eng/XML/C-10.14.xml
C-10.52,"Canada–Turkey Tax Convention Act, 2010",https://laws-lois.justice.gc.ca/eng/XML/C-10.52.xml
C-10.54,"Canada–Ukraine Free Trade Agreement Implementation Act [Repealed, 2024, c. 3, s. 39]",https://laws-lois.justice.gc.ca/eng/XML/C-10.54.xml
C-10.541,"Canada–Ukraine Free Trade Agreement Implementation Act, 2023",https://laws-lois.justice.gc.ca/eng/XML/C-10.541.xml
C-10.55,"Canada–United Arab Emirates Tax Convention Act, 2002",https://laws-lois.justice.gc.ca/eng/XML/C-10.55.xml
C-30,Canada-United Kingdom Civil and Commercial Judgments Convention Act,https://laws-lois.justice.gc.ca/eng/XML/C-30.xml
C-10.56,Canada–United Kingdom Trade Continuity Agreement Implementation Act,https://laws-lois.justice.gc.ca/eng/XML/C-10.56.xml
C-10.58,Canada–United States Enhanced Tax Information Exchange Agreement Implementation Act,https://laws-lois.justice.gc.ca/eng/XML/C-10.58.xml
C-10.6,Canada-United States Free Trade Agreement Implementation Act,https://laws-lois.justice.gc.ca/eng/XML/C-10.6.xml
C-10.7,"Canada–United States Tax Convention Act, 1984",https://laws-lois.justice.gc.ca/eng/XML/C-10.7.xml
C-10.65,Canada–United States–Mexico Agreement Implementation Act,https://laws-lois.justice.gc.ca/eng/XML/C-10.65.xml
C-11.1,Canada–Yukon Oil and Gas Accord Implementation Act,https://laws-lois.justice.gc.ca/eng/XML/C-11.1.xml
F-2.7,Canadian Agricultural Loans Act,https://laws-lois.justice.gc.ca/eng/XML/F-2.7.xml
C-11.2,Canadian Air Transport Security Authority Act,https://laws-lois.justice.gc.ca/eng/XML/C-11.2.xml
C-11.4,Canadian Arsenals Limited Divestiture Authorization Act,https://laws-lois.justice.gc.ca/eng/XML/C-11.4.xml
C-11.7,Canadian Association of Former Parliamentarians Act,https://laws-lois.justice.gc.ca/eng/XML/C-11.7.xml
C-12.3,Canadian Bill of Rights,https://laws-lois.justice.gc.ca/eng/XML/C-12.3.xml
C-13,Canadian Centre for Occupational Health and Safety Act,https://laws-lois.justice.gc.ca/eng/XML/C-13.xml
C-13.4,Canadian Centre on Substance Abuse Act,https://laws-lois.justice.gc.ca/eng/XML/C-13.4.xml
C-13.7,Canadian Commercial Bank Financial Assistance Act,https://laws-lois.justice.gc.ca/eng/XML/C-13.7.xml
C-14,Canadian Commercial Corporation Act,https://laws-lois.justice.gc.ca/eng/XML/C-14.xml
C-15,Canadian Dairy Commission Act,https://laws-lois.justice.gc.ca/eng/XML/C-15.xml
C-15.1,Canadian Energy Regulator Act,https://laws-lois.justice.gc.ca/eng/XML/C-15.1.xml
E-11,Canadian Environment Week Act,https://laws-lois.justice.gc.ca/eng/XML/E-11.xml
C-15.2,"Canadian Environmental Assessment Act [Repealed, 2012, c. 19, s. 66]",https://laws-lois.justice.gc.ca/eng/XML/C-15.2.xml
C-15.21,"Canadian Environmental Assessment Act, 2012 [Repealed, 2019, c. 28, s. 9]",https://laws-lois.justice.gc.ca/eng/XML/C-15.21.xml
C-15.31,"Canadian Environmental Protection Act, 1999",https://laws-lois.justice.gc.ca/eng/XML/C-15.31.xml
C-16.5,Canadian Food Inspection Agency Act,https://laws-lois.justice.gc.ca/eng/XML/C-16.5.xml
Z-040,"Canadian Forces Act, 1950",https://laws-lois.justice.gc.ca/eng/XML/Z-040.xml
C-17,Canadian Forces Superannuation Act,https://laws-lois.justice.gc.ca/eng/XML/C-17.xml
C-17.15,Canadian Free Trade Agreement Implementation Act,https://laws-lois.justice.gc.ca/eng/XML/C-17.15.xml
C-17.2,Canadian Gender Budgeting Act,https://laws-lois.justice.gc.ca/eng/XML/C-17.2.xml
C-17.6,"Canadian Heritage Languages Institute Act [Repealed before coming into force, 2008, c. 20, s",https://laws-lois.justice.gc.ca/eng/XML/C-17.6.xml
C-17.8,Canadian High Arctic Research Station Act,https://laws-lois.justice.gc.ca/eng/XML/C-17.8.xml
H-6,Canadian Human Rights Act,https://laws-lois.justice.gc.ca/eng/XML/H-6.xml
C-18.1,Canadian Institutes of Health Research Act,https://laws-lois.justice.gc.ca/eng/XML/C-18.1.xml
C-18.3,Canadian International Trade Tribunal Act,https://laws-lois.justice.gc.ca/eng/XML/C-18.3.xml
C-18.4,Canadian Jewish Heritage Month Act,https://laws-lois.justice.gc.ca/eng/XML/C-18.4.xml
C-18.7,Canadian Multiculturalism Act,https://laws-lois.justice.gc.ca/eng/XML/C-18.7.xml
C-19.1,"Canadian National Montreal Terminals Act, 1929",https://laws-lois.justice.gc.ca/eng/XML/C-19.1.xml
N-22,Canadian Navigable Waters Act,https://laws-lois.justice.gc.ca/eng/XML/N-22.xml
C-19.3,Canadian Net-Zero Emissions Accountability Act,https://laws-lois.justice.gc.ca/eng/XML/C-19.3.xml
C-20,Canadian Ownership and Control Determination Act,https://laws-lois.justice.gc.ca/eng/XML/C-20.xml
C-21,Canadian Payments Act,https://laws-lois.justice.gc.ca/eng/XML/C-21.xml
C-21.1,Canadian Peacekeeping Service Medal Act,https://laws-lois.justice.gc.ca/eng/XML/C-21.1.xml
C-21.3,"Canadian Polar Commission Act [Repealed, 2014, c. 39, s. 169]",https://laws-lois.justice.gc.ca/eng/XML/C-21.3.xml
C-21.8,Canadian Race Relations Foundation Act,https://laws-lois.justice.gc.ca/eng/XML/C-21.8.xml
C-22,Canadian Radio-television and Telecommunications Commission Act,https://laws-lois.justice.gc.ca/eng/XML/C-22.xml
C-22.4,Canadian Red Cross Society Act,https://laws-lois.justice.gc.ca/eng/XML/C-22.4.xml
C-23.05,Canadian Securities Regulation Regime Transition Office Act,https://laws-lois.justice.gc.ca/eng/XML/C-23.05.xml
C-23,Canadian Security Intelligence Service Act,https://laws-lois.justice.gc.ca/eng/XML/C-23.xml
C-23.2,Canadian Space Agency Act,https://laws-lois.justice.gc.ca/eng/XML/C-23.2.xml
C-23.25,Canadian Sustainable Jobs Act,https://laws-lois.justice.gc.ca/eng/XML/C-23.25.xml
C-23.3,Canadian Tourism Commission Act,https://laws-lois.justice.gc.ca/eng/XML/C-23.3.xml
C-23.4,Canadian Transportation Accident Investigation and Safety Board Act,https://laws-lois.justice.gc.ca/eng/XML/C-23.4.xml
C-23.7,Canadian Victims Bill of Rights,https://laws-lois.justice.gc.ca/eng/XML/C-23.7.xml
C-24.2,"Canadian Wheat Board (Interim Operations) Act [Repealed, 2011, c. 25, s. 64]",https://laws-lois.justice.gc.ca/eng/XML/C-24.2.xml
C-24,"Canadian Wheat Board Act [Repealed, 2011, c. 25, s. 39]",https://laws-lois.justice.gc.ca/eng/XML/C-24.xml
C-24.5,Cannabis Act,https://laws-lois.justice.gc.ca/eng/XML/C-24.5.xml
C-25,Cape Breton Development Corporation Act,https://laws-lois.justice.gc.ca/eng/XML/C-25.xml
C-25.2,Cape Breton Development Corporation Divestiture Authorization and Dissolution Act,https://laws-lois.justice.gc.ca/eng/XML/C-25.2.xml
C-26,Carriage by Air Act,https://laws-lois.justice.gc.ca/eng/XML/C-26.xml
C-27.2,Caughnawaga Indian Reserve Act,https://laws-lois.justice.gc.ca/eng/XML/C-27.2.xml
C-27.4,Celebrating Canada’s Seniors Act,https://laws-lois.justice.gc.ca/eng/XML/C-27.4.xml
C-27.5,Centennial Flame Research Award Act,https://laws-lois.justice.gc.ca/eng/XML/C-27.5.xml
C-27.55,Charities Registration (Security Information) Act,https://laws-lois.justice.gc.ca/eng/XML/C-27.55.xml
C-27.6,Chemical Weapons Convention Implementation Act,https://laws-lois.justice.gc.ca/eng/XML/C-27.6.xml
C-27.7,Child Day Act,https://laws-lois.justice.gc.ca/eng/XML/C-27.7.xml
C-28,Children of Deceased Veterans Education Assistance Act,https://laws-lois.justice.gc.ca/eng/XML/C-28.xml
C-28.5,Children’s Special Allowances Act,https://laws-lois.justice.gc.ca/eng/XML/C-28.5.xml
C-28.51,Children’s Special Allowances Act [Shell],https://laws-lois.justice.gc.ca/eng/XML/C-28.51.xml
C-29,Citizenship Act,https://laws-lois.justice.gc.ca/eng/XML/C-29.xml
C-29.7,Civil Air Navigation Services Commercialization Act,https://laws-lois.justice.gc.ca/eng/XML/C-29.7.xml
C-31.3,Civil International Space Station Agreement Implementation Act,https://laws-lois.justice.gc.ca/eng/XML/C-31.3.xml
C-31.4,Civil Lunar Gateway Agreement Implementation Act,https://laws-lois.justice.gc.ca/eng/XML/C-31.4.xml
C-31.5,Civil Marriage Act,https://laws-lois.justice.gc.ca/eng/XML/C-31.5.xml
C-31.6,Civil Service Insurance Act,https://laws-lois.justice.gc.ca/eng/XML/C-31.6.xml
C-31,Civilian War-related Benefits Act,https://laws-lois.justice.gc.ca/eng/XML/C-31.xml
C-31.7,"Claim Settlements (Alberta and Saskatchewan) Implementation Act [Repealed, 2018, c. 27, s. 684]",https://laws-lois.justice.gc.ca/eng/XML/C-31.7.xml
C-31.8,Clarity Act,https://laws-lois.justice.gc.ca/eng/XML/C-31.8.xml
C-0.2,CN Commercialization Act,https://laws-lois.justice.gc.ca/eng/XML/C-0.2.xml
C-33,Coastal Fisheries Protection Act,https://laws-lois.justice.gc.ca/eng/XML/C-33.xml
C-33.3,Coasting Trade Act,https://laws-lois.justice.gc.ca/eng/XML/C-33.3.xml
C-33.6,College of Immigration and Citizenship Consultants Act,https://laws-lois.justice.gc.ca/eng/XML/C-33.6.xml
C-33.7,College of Patent Agents and Trademark Agents Act,https://laws-lois.justice.gc.ca/eng/XML/C-33.7.xml
C-34.6,Commercial Arbitration Act,https://laws-lois.justice.gc.ca/eng/XML/C-34.6.xml
C-35.3,Communications Security Establishment Act,https://laws-lois.justice.gc.ca/eng/XML/C-35.3.xml
C-36,Companies’ Creditors Arrangement Act,https://laws-lois.justice.gc.ca/eng/XML/C-36.xml
C-34,Competition Act,https://laws-lois.justice.gc.ca/eng/XML/C-34.xml
C-36.4,Competition Tribunal Act,https://laws-lois.justice.gc.ca/eng/XML/C-36.4.xml
C-36.45,Comprehensive and Progressive Agreement for Trans-Pacific Partnership Implementation Act,https://laws-lois.justice.gc.ca/eng/XML/C-36.45.xml
C-36.5,Comprehensive Nuclear Test-Ban Treaty Implementation Act [Not in force],https://laws-lois.justice.gc.ca/eng/XML/C-36.5.xml
C-36.6,Condominium Ordinance Validation Act,https://laws-lois.justice.gc.ca/eng/XML/C-36.6.xml
C-36.65,Conflict of Interest Act,https://laws-lois.justice.gc.ca/eng/XML/C-36.65.xml
C-36.71,"Constitution Act, 1867 (electoral representation), An Act to amend the",https://laws-lois.justice.gc.ca/eng/XML/C-36.71.xml
C-36.7,Constitutional Amendments,https://laws-lois.justice.gc.ca/eng/XML/C-36.7.xml
C-38,Consumer Packaging and Labelling Act,https://laws-lois.justice.gc.ca/eng/XML/C-38.xml
C-36.75,Consumer-Driven Banking Act,https://laws-lois.justice.gc.ca/eng/XML/C-36.75.xml
C-38.5,"Continental Bank of Canada, An Act to incorporate",https://laws-lois.justice.gc.ca/eng/XML/C-38.5.xml
C-38.7,Contraventions Act,https://laws-lois.justice.gc.ca/eng/XML/C-38.7.xml
C-38.8,Controlled Drugs and Substances Act,https://laws-lois.justice.gc.ca/eng/XML/C-38.8.xml
C-41.01,Cooperative Credit Associations Act,https://laws-lois.justice.gc.ca/eng/XML/C-41.01.xml
C-41.5,Cooperative Energy Act,https://laws-lois.justice.gc.ca/eng/XML/C-41.5.xml
C-42,Copyright Act,https://laws-lois.justice.gc.ca/eng/XML/C-42.xml
C-43,Corporations Returns Act,https://laws-lois.justice.gc.ca/eng/XML/C-43.xml
C-44.6,Corrections and Conditional Release Act,https://laws-lois.justice.gc.ca/eng/XML/C-44.6.xml
C-45.2,Corruption of Foreign Public Officials Act,https://laws-lois.justice.gc.ca/eng/XML/C-45.2.xml
C-45.5,Courts Administration Service Act,https://laws-lois.justice.gc.ca/eng/XML/C-45.5.xml
C-45.6,"COVID-19, An Act respecting certain measures related to",https://laws-lois.justice.gc.ca/eng/XML/C-45.6.xml
C-45.75,Cree Nation of Eeyou Istchee Governance Agreement Act,https://laws-lois.justice.gc.ca/eng/XML/C-45.75.xml
C-45.9,Crimes Against Humanity and War Crimes Act,https://laws-lois.justice.gc.ca/eng/XML/C-45.9.xml
C-46,Criminal Code,https://laws-lois.justice.gc.ca/eng/XML/C-46.xml
C-47,Criminal Records Act,https://laws-lois.justice.gc.ca/eng/XML/C-47.xml
C-49.6,Crown Corporations Dissolution or Transfer Authorization Act,https://laws-lois.justice.gc.ca/eng/XML/C-49.6.xml
C-50,Crown Liability and Proceedings Act,https://laws-lois.justice.gc.ca/eng/XML/C-50.xml
C-51,Cultural Property Export and Import Act,https://laws-lois.justice.gc.ca/eng/XML/C-51.xml
C-52,Currency Act,https://laws-lois.justice.gc.ca/eng/XML/C-52.xml
C-52.6,Customs Act,https://laws-lois.justice.gc.ca/eng/XML/C-52.6.xml
C-53,Customs and Excise Offshore Application Act,https://laws-lois.justice.gc.ca/eng/XML/C-53.xml
C-54.011,Customs Tariff,https://laws-lois.justice.gc.ca/eng/XML/C-54.011.xml
D-0.5,"Debt Servicing and Reduction Account Act [Repealed, 2003, c. 15, s. 43]",https://laws-lois.justice.gc.ca/eng/XML/D-0.5.xml
D-1,Defence Production Act,https://laws-lois.justice.gc.ca/eng/XML/D-1.xml
D-1.3,Defence Services Pension Continuation Act,https://laws-lois.justice.gc.ca/eng/XML/D-1.3.xml
D-1.5,Déline Final Self-Government Agreement Act,https://laws-lois.justice.gc.ca/eng/XML/D-1.5.xml
D-1.55,Dental Benefit Act,https://laws-lois.justice.gc.ca/eng/XML/D-1.55.xml
D-1.57,Dental Care Measures Act,https://laws-lois.justice.gc.ca/eng/XML/D-1.57.xml
W-11.3,Department for Women and Gender Equality Act,https://laws-lois.justice.gc.ca/eng/XML/W-11.3.xml
A-9,Department of Agriculture and Agri-Food Act,https://laws-lois.justice.gc.ca/eng/XML/A-9.xml
C-17.3,Department of Canadian Heritage Act,https://laws-lois.justice.gc.ca/eng/XML/C-17.3.xml
C-29.4,Department of Citizenship and Immigration Act,https://laws-lois.justice.gc.ca/eng/XML/C-29.4.xml
C-49.8,Department of Crown-Indigenous Relations and Northern Affairs Act,https://laws-lois.justice.gc.ca/eng/XML/C-49.8.xml
H-5.7,Department of Employment and Social Development Act,https://laws-lois.justice.gc.ca/eng/XML/H-5.7.xml
F-15,Department of Fisheries and Oceans Act,https://laws-lois.justice.gc.ca/eng/XML/F-15.xml
E-22,"Department of Foreign Affairs and International Trade Act [Repealed, 2013, c. 33, s. 199]",https://laws-lois.justice.gc.ca/eng/XML/E-22.xml
F-27.5,"Department of Foreign Affairs, Trade and Development Act",https://laws-lois.justice.gc.ca/eng/XML/F-27.5.xml
H-3.2,Department of Health Act,https://laws-lois.justice.gc.ca/eng/XML/H-3.2.xml
D-1.59,"Department of Housing, Infrastructure and Communities Act",https://laws-lois.justice.gc.ca/eng/XML/D-1.59.xml
H-5.8,"Department of Human Resources Development Act [Repealed,  2005, c. 34, s. 84]",https://laws-lois.justice.gc.ca/eng/XML/H-5.8.xml
I-6,"Department of Indian Affairs and Northern Development Act [Repealed, 2019, c. 29, s. 382]",https://laws-lois.justice.gc.ca/eng/XML/I-6.xml
I-7.88,Department of Indigenous Services Act,https://laws-lois.justice.gc.ca/eng/XML/I-7.88.xml
I-9.2,Department of Industry Act,https://laws-lois.justice.gc.ca/eng/XML/I-9.2.xml
J-2,Department of Justice Act,https://laws-lois.justice.gc.ca/eng/XML/J-2.xml
N-20.8,Department of Natural Resources Act,https://laws-lois.justice.gc.ca/eng/XML/N-20.8.xml
P-31.55,Department of Public Safety and Emergency Preparedness Act,https://laws-lois.justice.gc.ca/eng/XML/P-31.55.xml
P-38.2,Department of Public Works and Government Services Act,https://laws-lois.justice.gc.ca/eng/XML/P-38.2.xml
S-11.5,"Department of Social Development Act [Repealed, 2012, c. 19, s. 685]",https://laws-lois.justice.gc.ca/eng/XML/S-11.5.xml
E-10,Department of the Environment Act,https://laws-lois.justice.gc.ca/eng/XML/E-10.xml
S-13,"Department of the Solicitor General Act [Repealed,  2005, c. 10, s. 37]",https://laws-lois.justice.gc.ca/eng/XML/S-13.xml
T-18,Department of Transport Act,https://laws-lois.justice.gc.ca/eng/XML/T-18.xml
V-1,Department of Veterans Affairs Act,https://laws-lois.justice.gc.ca/eng/XML/V-1.xml
D-1.6,Depository Bills and Notes Act,https://laws-lois.justice.gc.ca/eng/XML/D-1.6.xml
D-1.65,Digital Services Tax Act,https://laws-lois.justice.gc.ca/eng/XML/D-1.65.xml
D-2,Diplomatic Service (Special) Superannuation Act,https://laws-lois.justice.gc.ca/eng/XML/D-2.xml
D-2.5,Director of Public Prosecutions Act,https://laws-lois.justice.gc.ca/eng/XML/D-2.5.xml
D-2.8,Disability Tax Credit Promoters Restrictions Act,https://laws-lois.justice.gc.ca/eng/XML/D-2.8.xml
D-3.4,Divorce Act,https://laws-lois.justice.gc.ca/eng/XML/D-3.4.xml
D-3.8,DNA Identification Act,https://laws-lois.justice.gc.ca/eng/XML/D-3.8.xml
Z-0.98,Dominion Succession Duty Act,https://laws-lois.justice.gc.ca/eng/XML/Z-0.98.xml
W-4,Dominion Water Power Act,https://laws-lois.justice.gc.ca/eng/XML/W-4.xml
D-3.9,Donkin Coal Block Development Opportunity Act,https://laws-lois.justice.gc.ca/eng/XML/D-3.9.xml
D-4,Dry Docks Subsidies Act,https://laws-lois.justice.gc.ca/eng/XML/D-4.xml
E-0.6,"Economic Action Plan 2013 Act, No. 1",https://laws-lois.justice.gc.ca/eng/XML/E-0.6.xml
E-0.7,"Economic Action Plan 2013 Act, No. 2",https://laws-lois.justice.gc.ca/eng/XML/E-0.7.xml
E-0.8,"Economic Action Plan 2014 Act, No. 1",https://laws-lois.justice.gc.ca/eng/XML/E-0.8.xml
E-0.9,"Economic Action Plan 2015 Act, No. 1",https://laws-lois.justice.gc.ca/eng/XML/E-0.9.xml
E-0.93,"Economic and Fiscal Update Implementation Act, 2021",https://laws-lois.justice.gc.ca/eng/XML/E-0.93.xml
E-1.3,Economic Development Agency of Canada for the Regions of Quebec Act,https://laws-lois.justice.gc.ca/eng/XML/E-1.3.xml
E-1.4,Economic Recovery Act (stimulus),https://laws-lois.justice.gc.ca/eng/XML/E-1.4.xml
E-1.45,"Economic Statement Implementation Act, 2020",https://laws-lois.justice.gc.ca/eng/XML/E-1.45.xml
E-1.5,Eeyou Marine Region Land Claims Agreement Act,https://laws-lois.justice.gc.ca/eng/XML/E-1.5.xml
E-1.6,"Efficiency and adaptability of the Canadian economy by regulating certain activities that discourage reliance on electronic means of carrying out commercial activities, and to amend..., An Act to promote the",https://laws-lois.justice.gc.ca/eng/XML/E-1.6.xml
E-1.7,Eldorado Nuclear Limited Reorganization and Divestiture Act,https://laws-lois.justice.gc.ca/eng/XML/E-1.7.xml
E-3,Electoral Boundaries Readjustment Act,https://laws-lois.justice.gc.ca/eng/XML/E-3.xml
E-3.1,"Electoral Boundaries Readjustment Suspension Act, 1994",https://laws-lois.justice.gc.ca/eng/XML/E-3.1.xml
E-4,Electricity and Gas Inspection Act,https://laws-lois.justice.gc.ca/eng/XML/E-4.xml
E-4.5,Emergencies Act,https://laws-lois.justice.gc.ca/eng/XML/E-4.5.xml
E-4.56,Emergency Management Act,https://laws-lois.justice.gc.ca/eng/XML/E-4.56.xml
E-4.6,"Emergency Preparedness Act [Repealed,  2007, c. 15, s. 13]",https://laws-lois.justice.gc.ca/eng/XML/E-4.6.xml
E-5.401,Employment Equity Act,https://laws-lois.justice.gc.ca/eng/XML/E-5.401.xml
E-5.6,Employment Insurance Act,https://laws-lois.justice.gc.ca/eng/XML/E-5.6.xml
E-5.8,Employment Support Act,https://laws-lois.justice.gc.ca/eng/XML/E-5.8.xml
E-6,Energy Administration Act,https://laws-lois.justice.gc.ca/eng/XML/E-6.xml
E-6.2,Energy Costs Assistance Measures Act,https://laws-lois.justice.gc.ca/eng/XML/E-6.2.xml
E-6.4,Energy Efficiency Act,https://laws-lois.justice.gc.ca/eng/XML/E-6.4.xml
E-8,Energy Monitoring Act,https://laws-lois.justice.gc.ca/eng/XML/E-8.xml
E-9,Energy Supplies Emergency Act,https://laws-lois.justice.gc.ca/eng/XML/E-9.xml
E-9.5,"Enterprise Cape Breton Corporation Act [Repealed, 2014, c. 20, s. 192]",https://laws-lois.justice.gc.ca/eng/XML/E-9.5.xml
E-12.5,Environmental Violations Administrative Monetary Penalties Act,https://laws-lois.justice.gc.ca/eng/XML/E-12.5.xml
E-13,Escheats Act,https://laws-lois.justice.gc.ca/eng/XML/E-13.xml
E-13.5,European Bank for Reconstruction and Development Agreement Act,https://laws-lois.justice.gc.ca/eng/XML/E-13.5.xml
E-13.7,Exchequer Court Act,https://laws-lois.justice.gc.ca/eng/XML/E-13.7.xml
E-14,Excise Act,https://laws-lois.justice.gc.ca/eng/XML/E-14.xml
E-14.1,"Excise Act, 2001",https://laws-lois.justice.gc.ca/eng/XML/E-14.1.xml
E-15,Excise Tax Act,https://laws-lois.justice.gc.ca/eng/XML/E-15.xml
E-15.5,Expenditure Restraint Act,https://laws-lois.justice.gc.ca/eng/XML/E-15.5.xml
E-16,Experimental Farm Stations Act,https://laws-lois.justice.gc.ca/eng/XML/E-16.xml
E-17,Explosives Act,https://laws-lois.justice.gc.ca/eng/XML/E-17.xml
E-18,Export Act,https://laws-lois.justice.gc.ca/eng/XML/E-18.xml
E-18.5,Export and Import of Rough Diamonds Act,https://laws-lois.justice.gc.ca/eng/XML/E-18.5.xml
E-19,Export and Import Permits Act,https://laws-lois.justice.gc.ca/eng/XML/E-19.xml
E-20,Export Development Act,https://laws-lois.justice.gc.ca/eng/XML/E-20.xml
E-21,Expropriation Act,https://laws-lois.justice.gc.ca/eng/XML/E-21.xml
E-21.5,Expungement of Historically Unjust Convictions Act,https://laws-lois.justice.gc.ca/eng/XML/E-21.5.xml
E-22.7,Extractive Sector Transparency Measures Act,https://laws-lois.justice.gc.ca/eng/XML/E-22.7.xml
E-23.01,Extradition Act,https://laws-lois.justice.gc.ca/eng/XML/E-23.01.xml
L-4,"Fair Wages and Hours of Labour Act [Repealed, 2012, c. 19, s. 441]",https://laws-lois.justice.gc.ca/eng/XML/L-4.xml
F-0.7,"Fall Economic Statement Implementation Act, 2022",https://laws-lois.justice.gc.ca/eng/XML/F-0.7.xml
F-1.2,Family Homes on Reserves and Matrimonial Interests or Rights Act,https://laws-lois.justice.gc.ca/eng/XML/F-1.2.xml
F-1.4,Family Orders and Agreements Enforcement Assistance Act,https://laws-lois.justice.gc.ca/eng/XML/F-1.4.xml
F-2.2,Farm Credit Canada Act,https://laws-lois.justice.gc.ca/eng/XML/F-2.2.xml
F-2.27,Farm Debt Mediation Act,https://laws-lois.justice.gc.ca/eng/XML/F-2.27.xml
F-3,"Farm Improvement Loans Act [Repealed, 2009, c. 15, s. 14]",https://laws-lois.justice.gc.ca/eng/XML/F-3.xml
F-3.3,Farm Income Protection Act,https://laws-lois.justice.gc.ca/eng/XML/F-3.3.xml
F-4,Farm Products Agencies Act,https://laws-lois.justice.gc.ca/eng/XML/F-4.xml
F-5.5,Federal Accountability Act,https://laws-lois.justice.gc.ca/eng/XML/F-5.5.xml
F-5.8,"Federal Balanced Budget Act [Repealed, 2016, c. 7, s. 79]",https://laws-lois.justice.gc.ca/eng/XML/F-5.8.xml
F-7,Federal Courts Act,https://laws-lois.justice.gc.ca/eng/XML/F-7.xml
F-7.3,Federal Framework for Suicide Prevention Act,https://laws-lois.justice.gc.ca/eng/XML/F-7.3.xml
F-7.33,Federal Framework on Autism Spectrum Disorder Act,https://laws-lois.justice.gc.ca/eng/XML/F-7.33.xml
F-7.35,Federal Framework on Lyme Disease Act,https://laws-lois.justice.gc.ca/eng/XML/F-7.35.xml
F-7.38,Federal Framework on Post-Traumatic Stress Disorder Act,https://laws-lois.justice.gc.ca/eng/XML/F-7.38.xml
F-7.5,"Federal Law--Civil Law Harmonization Act, No. 1",https://laws-lois.justice.gc.ca/eng/XML/F-7.5.xml
F-7.7,Federal Prompt Payment for Construction Work Act,https://laws-lois.justice.gc.ca/eng/XML/F-7.7.xml
P-33.3,Federal Public Sector Labour Relations Act,https://laws-lois.justice.gc.ca/eng/XML/P-33.3.xml
P-33.35,Federal Public Sector Labour Relations and Employment Board Act,https://laws-lois.justice.gc.ca/eng/XML/P-33.35.xml
F-8.4,Federal Real Property and Federal Immovables Act,https://laws-lois.justice.gc.ca/eng/XML/F-8.4.xml
F-8.6,Federal Sustainable Development Act,https://laws-lois.justice.gc.ca/eng/XML/F-8.6.xml
F-7.8,Federal-Provincial  Fiscal Arrangements Act,https://laws-lois.justice.gc.ca/eng/XML/F-7.8.xml
F-8,Federal-Provincial Fiscal Arrangements Act,https://laws-lois.justice.gc.ca/eng/XML/F-8.xml
F-8.2,"Federal-Provincial Fiscal Arrangements Act, 1972",https://laws-lois.justice.gc.ca/eng/XML/F-8.2.xml
F-9,Feeds Act,https://laws-lois.justice.gc.ca/eng/XML/F-9.xml
F-10,Fertilizers Act,https://laws-lois.justice.gc.ca/eng/XML/F-10.xml
F-10.6,Fighting Against Forced Labour and Child Labour in Supply Chains Act,https://laws-lois.justice.gc.ca/eng/XML/F-10.6.xml
F-11,Financial Administration Act,https://laws-lois.justice.gc.ca/eng/XML/F-11.xml
T-10.3,"Financial Advisors Association of Canada Act, The",https://laws-lois.justice.gc.ca/eng/XML/T-10.3.xml
F-11.1,Financial Consumer Agency of Canada Act,https://laws-lois.justice.gc.ca/eng/XML/F-11.1.xml
F-11.2,Financial Institutions,https://laws-lois.justice.gc.ca/eng/XML/F-11.2.xml
F-11.3,Financial Institutions and Deposit Insurance System Amendment Act,https://laws-lois.justice.gc.ca/eng/XML/F-11.3.xml
F-11.4,Financial Institutions Depositors Compensation Act,https://laws-lois.justice.gc.ca/eng/XML/F-11.4.xml
F-11.6,Firearms Act,https://laws-lois.justice.gc.ca/eng/XML/F-11.6.xml
F-11.64,First Nations Commercial and Industrial Development Act,https://laws-lois.justice.gc.ca/eng/XML/F-11.64.xml
F-11.65,First Nations Elections Act,https://laws-lois.justice.gc.ca/eng/XML/F-11.65.xml
F-11.66,First Nations Financial Transparency Act,https://laws-lois.justice.gc.ca/eng/XML/F-11.66.xml
F-11.67,First Nations Fiscal Management Act,https://laws-lois.justice.gc.ca/eng/XML/F-11.67.xml
F-11.7,First Nations Goods and Services Tax Act,https://laws-lois.justice.gc.ca/eng/XML/F-11.7.xml
F-11.75,First Nations Jurisdiction over Education in British Columbia Act,https://laws-lois.justice.gc.ca/eng/XML/F-11.75.xml
F-11.8,"First Nations Land Management Act [Repealed, 2022, c. 19, s. 143]",https://laws-lois.justice.gc.ca/eng/XML/F-11.8.xml
F-11.9,First Nations Oil and Gas and Moneys Management Act,https://laws-lois.justice.gc.ca/eng/XML/F-11.9.xml
F-11.73,"First Nations, Inuit and Métis children, youth and families, An Act respecting",https://laws-lois.justice.gc.ca/eng/XML/F-11.73.xml
F-12,"Fish Inspection Act [Repealed, 2012, c. 24, s. 76]",https://laws-lois.justice.gc.ca/eng/XML/F-12.xml
F-14,Fisheries Act,https://laws-lois.justice.gc.ca/eng/XML/F-14.xml
F-21,Fisheries Development Act,https://laws-lois.justice.gc.ca/eng/XML/F-21.xml
F-22,Fisheries Improvement Loans Act,https://laws-lois.justice.gc.ca/eng/XML/F-22.xml
F-24,Fishing and Recreational Harbours Act,https://laws-lois.justice.gc.ca/eng/XML/F-24.xml
F-25,"Fitness and Amateur Sport Act [Repealed, 2003, c. 2, s. 39]",https://laws-lois.justice.gc.ca/eng/XML/F-25.xml
F-26,Food and Agriculture Organization of the United Nations Act,https://laws-lois.justice.gc.ca/eng/XML/F-26.xml
F-27,Food and Drugs Act,https://laws-lois.justice.gc.ca/eng/XML/F-27.xml
F-27.3,Food Day in Canada Act,https://laws-lois.justice.gc.ca/eng/XML/F-27.3.xml
F-28,Foreign Enlistment Act,https://laws-lois.justice.gc.ca/eng/XML/F-28.xml
F-29,Foreign Extraterritorial Measures Act,https://laws-lois.justice.gc.ca/eng/XML/F-29.xml
F-29.2,Foreign Influence Transparency and Accountability Act [Not in force],https://laws-lois.justice.gc.ca/eng/XML/F-29.2.xml
O-5,Foreign Interference and Security of Information Act,https://laws-lois.justice.gc.ca/eng/XML/O-5.xml
F-29.4,Foreign Missions and International Organizations Act,https://laws-lois.justice.gc.ca/eng/XML/F-29.4.xml
F-29.6,Foreign Publishers Advertising Services Act,https://laws-lois.justice.gc.ca/eng/XML/F-29.6.xml
F-30,Forestry Act,https://laws-lois.justice.gc.ca/eng/XML/F-30.xml
F-30.2,Forgiveness of Certain Official Development Assistance Debts Act,https://laws-lois.justice.gc.ca/eng/XML/F-30.2.xml
F-30.4,Forgiveness of Debts (sub-Saharan Africa) Act,https://laws-lois.justice.gc.ca/eng/XML/F-30.4.xml
F-31.4,Fort Nelson Indian Reserve Minerals Revenue Sharing Act,https://laws-lois.justice.gc.ca/eng/XML/F-31.4.xml
F-31.2,Fort-Falls Bridge Authority Act,https://laws-lois.justice.gc.ca/eng/XML/F-31.2.xml
F-31.46,Framework Agreement on First Nation Land Management Act,https://laws-lois.justice.gc.ca/eng/XML/F-31.46.xml
F-31.5,Framework on Palliative Care in Canada Act,https://laws-lois.justice.gc.ca/eng/XML/F-31.5.xml
F-31.6,Freezing Assets of Corrupt Foreign Officials Act,https://laws-lois.justice.gc.ca/eng/XML/F-31.6.xml
F-13,Freshwater Fish Marketing Act,https://laws-lois.justice.gc.ca/eng/XML/F-13.xml
F-31.7,Fruit and Vegetable Customs Orders Validation Act,https://laws-lois.justice.gc.ca/eng/XML/F-31.7.xml
F-32.5,"Funding for diagnostic and medical equipment, An Act respecting the provision of",https://laws-lois.justice.gc.ca/eng/XML/F-32.5.xml
G-2,"Garnishment, Attachment and Pension Diversion Act",https://laws-lois.justice.gc.ca/eng/XML/G-2.xml
G-2.3,Gender Equality Week Act,https://laws-lois.justice.gc.ca/eng/XML/G-2.3.xml
G-2.5,Genetic Non-Discrimination Act,https://laws-lois.justice.gc.ca/eng/XML/G-2.5.xml
G-3,Geneva Conventions Act,https://laws-lois.justice.gc.ca/eng/XML/G-3.xml
G-3.3,Global Minimum Tax Act,https://laws-lois.justice.gc.ca/eng/XML/G-3.3.xml
G-3.7,Government Annuities Act,https://laws-lois.justice.gc.ca/eng/XML/G-3.7.xml
G-3.8,Government Annuities Improvement Act,https://laws-lois.justice.gc.ca/eng/XML/G-3.8.xml
G-4,Government Corporations Operation Act,https://laws-lois.justice.gc.ca/eng/XML/G-4.xml
G-5,Government Employees Compensation Act,https://laws-lois.justice.gc.ca/eng/XML/G-5.xml
G-5.3,"Government House property, Toronto, An Act respecting the",https://laws-lois.justice.gc.ca/eng/XML/G-5.3.xml
G-5.7,"Government Organization Act, Atlantic Canada, 1987",https://laws-lois.justice.gc.ca/eng/XML/G-5.7.xml
G-6,Government Property Traffic Act,https://laws-lois.justice.gc.ca/eng/XML/G-6.xml
G-7.4,"Government Services Act, 1999",https://laws-lois.justice.gc.ca/eng/XML/G-7.4.xml
G-7.6,Government Services Resumption Act,https://laws-lois.justice.gc.ca/eng/XML/G-7.6.xml
G-9,Governor General’s Act,https://laws-lois.justice.gc.ca/eng/XML/G-9.xml
G-11.2,"Granting of an immediate annuity to the Honourable Mr. Justice Donald Raymond Morand, An Act to authorize the",https://laws-lois.justice.gc.ca/eng/XML/G-11.2.xml
G-11.4,Grassy Narrows and Islington Indian Bands Mercury Pollution Claims Settlement Act,https://laws-lois.justice.gc.ca/eng/XML/G-11.4.xml
F-17,Great Lakes Fisheries Convention Act,https://laws-lois.justice.gc.ca/eng/XML/F-17.xml
G-11.55,Greenhouse Gas Pollution Pricing Act,https://laws-lois.justice.gc.ca/eng/XML/G-11.55.xml
G-11.6,"Greenhouse Gas Technology Investment Fund Act [Repealed before coming into force, 2008, c. 20, s",https://laws-lois.justice.gc.ca/eng/XML/G-11.6.xml
G-11.8,Gwich’in Land Claim Settlement Act,https://laws-lois.justice.gc.ca/eng/XML/G-11.8.xml
H-0.3,Haida Nation Recognition Act,https://laws-lois.justice.gc.ca/eng/XML/H-0.3.xml
H-0.5,Halifax Relief Commission Pension Continuation Act,https://laws-lois.justice.gc.ca/eng/XML/H-0.5.xml
H-1,"Harbour Commissions Act [Repealed, 1998, c. 10, s. 201]",https://laws-lois.justice.gc.ca/eng/XML/H-1.xml
H-2.7,Hazardous Materials Information Review Act,https://laws-lois.justice.gc.ca/eng/XML/H-2.7.xml
H-3,Hazardous Products Act,https://laws-lois.justice.gc.ca/eng/XML/H-3.xml
H-2.71,"Hazardous Products Act and the Canada Labour Code, to enact the Hazardous Materials Information Review Act and to amend other Acts in relation thereto, An Act to amend the",https://laws-lois.justice.gc.ca/eng/XML/H-2.71.xml
H-3.3,Health of Animals Act,https://laws-lois.justice.gc.ca/eng/XML/H-3.3.xml
H-3.4,Heritage Lighthouse Protection Act,https://laws-lois.justice.gc.ca/eng/XML/H-3.4.xml
H-3.5,Heritage Railway Stations Protection Act,https://laws-lois.justice.gc.ca/eng/XML/H-3.5.xml
H-3.7,Hibernia Development Project Act,https://laws-lois.justice.gc.ca/eng/XML/H-3.7.xml
H-3.76,High Risk Child Sex Offender Database Act,https://laws-lois.justice.gc.ca/eng/XML/H-3.76.xml
H-3.8,Highway 30 Completion Bridges Act,https://laws-lois.justice.gc.ca/eng/XML/H-3.8.xml
H-4,Historic Sites and Monuments Act,https://laws-lois.justice.gc.ca/eng/XML/H-4.xml
H-5,Holidays Act,https://laws-lois.justice.gc.ca/eng/XML/H-5.xml
H-5.4,Holocaust Memorial Day Act,https://laws-lois.justice.gc.ca/eng/XML/H-5.4.xml
H-5.6,"Hudson Bay Mining and Smelting Co., Limited",https://laws-lois.justice.gc.ca/eng/XML/H-5.6.xml
H-5.67,Human Pathogens and Toxins Act,https://laws-lois.justice.gc.ca/eng/XML/H-5.67.xml
I-1,Identification of Criminals Act,https://laws-lois.justice.gc.ca/eng/XML/I-1.xml
I-2.5,Immigration and Refugee Protection Act,https://laws-lois.justice.gc.ca/eng/XML/I-2.5.xml
I-2.75,Impact Assessment Act,https://laws-lois.justice.gc.ca/eng/XML/I-2.75.xml
I-3,Importation of Intoxicating Liquors Act,https://laws-lois.justice.gc.ca/eng/XML/I-3.xml
I-3.3,Income Tax Act,https://laws-lois.justice.gc.ca/eng/XML/I-3.3.xml
I-3.31,Income Tax Application Rules,https://laws-lois.justice.gc.ca/eng/XML/I-3.31.xml
I-3.5,"Income Tax Conventions Implementation Act, 1995",https://laws-lois.justice.gc.ca/eng/XML/I-3.5.xml
I-3.51,"Income Tax Conventions Implementation Act, 1996",https://laws-lois.justice.gc.ca/eng/XML/I-3.51.xml
I-3.52,"Income Tax Conventions Implementation Act, 1997",https://laws-lois.justice.gc.ca/eng/XML/I-3.52.xml
I-3.53,"Income Tax Conventions Implementation Act, 1998",https://laws-lois.justice.gc.ca/eng/XML/I-3.53.xml
I-3.54,"Income Tax Conventions Implementation Act, 1999",https://laws-lois.justice.gc.ca/eng/XML/I-3.54.xml
I-3.55,"Income Tax Conventions Implementation Act, 2001",https://laws-lois.justice.gc.ca/eng/XML/I-3.55.xml
I-4,Income Tax Conventions Interpretation Act,https://laws-lois.justice.gc.ca/eng/XML/I-4.xml
I-7.7,Indian (Soldier Settlement) Act,https://laws-lois.justice.gc.ca/eng/XML/I-7.7.xml
I-5,Indian Act,https://laws-lois.justice.gc.ca/eng/XML/I-5.xml
I-5.3,Indian Act Amendment and Replacement Act,https://laws-lois.justice.gc.ca/eng/XML/I-5.3.xml
I-6.7,Indian Lands Agreement (1986) Act,https://laws-lois.justice.gc.ca/eng/XML/I-6.7.xml
I-7,Indian Oil and Gas Act,https://laws-lois.justice.gc.ca/eng/XML/I-7.xml
I-7.2,"Indian Reserve Lands, An Act for the settlement of certain questions between the Governments of Canada and Ontario respecting",https://laws-lois.justice.gc.ca/eng/XML/I-7.2.xml
I-7.4,Indian Reserves of Nova Scotia Act,https://laws-lois.justice.gc.ca/eng/XML/I-7.4.xml
I-7.85,Indigenous Languages Act,https://laws-lois.justice.gc.ca/eng/XML/I-7.85.xml
I-8,Industrial and Regional Development Act,https://laws-lois.justice.gc.ca/eng/XML/I-8.xml
I-9,Industrial Design Act,https://laws-lois.justice.gc.ca/eng/XML/I-9.xml
I-9.8,Injured Military Members Compensation Act,https://laws-lois.justice.gc.ca/eng/XML/I-9.8.xml
I-11,Inquiries Act,https://laws-lois.justice.gc.ca/eng/XML/I-11.xml
I-11.8,Insurance Companies Act,https://laws-lois.justice.gc.ca/eng/XML/I-11.8.xml
I-14.6,Integrated Circuit Topography Act,https://laws-lois.justice.gc.ca/eng/XML/I-14.6.xml
I-14.7,Integrated Cross-border Law Enforcement Operations Act,https://laws-lois.justice.gc.ca/eng/XML/I-14.7.xml
I-14.85,Intelligence Commissioner Act,https://laws-lois.justice.gc.ca/eng/XML/I-14.85.xml
I-15,Interest Act,https://laws-lois.justice.gc.ca/eng/XML/I-15.xml
I-16,International Boundary Commission Act,https://laws-lois.justice.gc.ca/eng/XML/I-16.xml
I-17,International Boundary Waters Treaty Act,https://laws-lois.justice.gc.ca/eng/XML/I-17.xml
I-17.05,International Bridges and Tunnels Act,https://laws-lois.justice.gc.ca/eng/XML/I-17.05.xml
I-17.3,"International Centre for Human Rights and Democratic Development Act [Repealed, 2012, c. 19, s. 504]",https://laws-lois.justice.gc.ca/eng/XML/I-17.3.xml
I-18,International Development (Financial Institutions) Assistance Act,https://laws-lois.justice.gc.ca/eng/XML/I-18.xml
I-18.1,"International Development (Financial Institutions) Assistance Act, An Act concerning an order under the",https://laws-lois.justice.gc.ca/eng/XML/I-18.1.xml
I-19,International Development Research Centre Act,https://laws-lois.justice.gc.ca/eng/XML/I-19.xml
I-19.3,International Financial Assistance Act,https://laws-lois.justice.gc.ca/eng/XML/I-19.3.xml
I-19.6,International Interests in Mobile Equipment (aircraft equipment) Act,https://laws-lois.justice.gc.ca/eng/XML/I-19.6.xml
I-19.7,International Mother Language Day Act,https://laws-lois.justice.gc.ca/eng/XML/I-19.7.xml
I-19.8,International Rapids Power Development Act,https://laws-lois.justice.gc.ca/eng/XML/I-19.8.xml
I-20,International River Improvements Act,https://laws-lois.justice.gc.ca/eng/XML/I-20.xml
I-20.4,International Sale of Goods Contracts Convention Act,https://laws-lois.justice.gc.ca/eng/XML/I-20.4.xml
I-20.6,International Transfer of Offenders Act,https://laws-lois.justice.gc.ca/eng/XML/I-20.6.xml
I-20.7,"Internet child pornography by persons who provide an Internet service, An Act respecting the mandatory reporting of",https://laws-lois.justice.gc.ca/eng/XML/I-20.7.xml
I-20.8,Internment of Persons of Ukrainian Origin Recognition Act,https://laws-lois.justice.gc.ca/eng/XML/I-20.8.xml
I-21,Interpretation Act,https://laws-lois.justice.gc.ca/eng/XML/I-21.xml
I-21.5,Invest in Canada Act,https://laws-lois.justice.gc.ca/eng/XML/I-21.5.xml
I-21.8,Investment Canada Act,https://laws-lois.justice.gc.ca/eng/XML/I-21.8.xml
J-0.3,James Bay and Northern Quebec Native Claims Settlement Act,https://laws-lois.justice.gc.ca/eng/XML/J-0.3.xml
J-0.7,Jobs and Economic Growth Act,https://laws-lois.justice.gc.ca/eng/XML/J-0.7.xml
J-0.8,"Jobs, Growth and Long-term Prosperity Act",https://laws-lois.justice.gc.ca/eng/XML/J-0.8.xml
J-0.9,Journey to Freedom Day Act,https://laws-lois.justice.gc.ca/eng/XML/J-0.9.xml
J-1,Judges Act,https://laws-lois.justice.gc.ca/eng/XML/J-1.xml
J-1.5,"Jules and Paul-Émile Léger Foundation, An Act to incorporate the",https://laws-lois.justice.gc.ca/eng/XML/J-1.5.xml
J-2.3,Justice for Victims of Corrupt Foreign Officials Act (Sergei Magnitsky Law),https://laws-lois.justice.gc.ca/eng/XML/J-2.3.xml
J-2.5,Justice for Victims of Terrorism Act,https://laws-lois.justice.gc.ca/eng/XML/J-2.5.xml
K-0.5,Kanesatake Interim Land Base Governance Act,https://laws-lois.justice.gc.ca/eng/XML/K-0.5.xml
K-0.65,Kelowna Accord Implementation Act,https://laws-lois.justice.gc.ca/eng/XML/K-0.65.xml
K-0.7,Kindness Week Act,https://laws-lois.justice.gc.ca/eng/XML/K-0.7.xml
K-0.8,Kingsmere Park Act,https://laws-lois.justice.gc.ca/eng/XML/K-0.8.xml
K-6.5,Korean War Veterans Day Act,https://laws-lois.justice.gc.ca/eng/XML/K-6.5.xml
K-9.5,"Kyoto Protocol Implementation Act [Repealed, 2012, c. 19, s. 699]",https://laws-lois.justice.gc.ca/eng/XML/K-9.5.xml
L-1,Labour Adjustment Benefits Act,https://laws-lois.justice.gc.ca/eng/XML/L-1.xml
L-4.3,Labrador Inuit Land Claims Agreement Act,https://laws-lois.justice.gc.ca/eng/XML/L-4.3.xml
T-10.4,"Lake of the Woods Control Board Act, 1921, The",https://laws-lois.justice.gc.ca/eng/XML/T-10.4.xml
L-5.2,Land Titles Repeal Act,https://laws-lois.justice.gc.ca/eng/XML/L-5.2.xml
L-6.2,Language Skills Act,https://laws-lois.justice.gc.ca/eng/XML/L-6.2.xml
L-6.4,Latin American Heritage Month Act,https://laws-lois.justice.gc.ca/eng/XML/L-6.4.xml
L-6.5,Laurier House Act,https://laws-lois.justice.gc.ca/eng/XML/L-6.5.xml
L-6.7,Law Commission of Canada Act,https://laws-lois.justice.gc.ca/eng/XML/L-6.7.xml
L-7.3,Lebanese Heritage Month Act,https://laws-lois.justice.gc.ca/eng/XML/L-7.3.xml
S-20,Legislation Revision and Consolidation Act,https://laws-lois.justice.gc.ca/eng/XML/S-20.xml
L-7.5,Legislative Instruments Re-enactment Act,https://laws-lois.justice.gc.ca/eng/XML/L-7.5.xml
L-7.7,Library and Archives of Canada Act,https://laws-lois.justice.gc.ca/eng/XML/L-7.7.xml
L-8,Lieutenant Governors Superannuation Act,https://laws-lois.justice.gc.ca/eng/XML/L-8.xml
L-8.5,Lincoln Alexander Day Act,https://laws-lois.justice.gc.ca/eng/XML/L-8.5.xml
L-10,Livestock Feed Assistance Act,https://laws-lois.justice.gc.ca/eng/XML/L-10.xml
T-10.43,"Loan Act, 1936, The",https://laws-lois.justice.gc.ca/eng/XML/T-10.43.xml
L-12.4,Lobbying Act,https://laws-lois.justice.gc.ca/eng/XML/L-12.4.xml
M-0.55,Maanulth First Nations Final Agreement Act,https://laws-lois.justice.gc.ca/eng/XML/M-0.55.xml
M-0.1,"Mackenzie Gas Project Impacts Act [Repealed, 2013, c. 40, s. 287]",https://laws-lois.justice.gc.ca/eng/XML/M-0.1.xml
M-0.15,Mackenzie Gas Project Impacts Fund Act,https://laws-lois.justice.gc.ca/eng/XML/M-0.15.xml
M-0.2,Mackenzie Valley Resource Management Act,https://laws-lois.justice.gc.ca/eng/XML/M-0.2.xml
M-0.23,Main Point of Contact with the Government of Canada in case of Death Act,https://laws-lois.justice.gc.ca/eng/XML/M-0.23.xml
M-0.25,"Maintenance of Ports Operations Act, 1986 [Repealed, 2017, c. 26, s. 64]",https://laws-lois.justice.gc.ca/eng/XML/M-0.25.xml
M-0.3,"Maintenance of Railway Operations Act, 1995 [Repealed, 2017, c. 26, s. 69]",https://laws-lois.justice.gc.ca/eng/XML/M-0.3.xml
M-0.5,Manganese-based Fuel Additives Act,https://laws-lois.justice.gc.ca/eng/XML/M-0.5.xml
M-0.53,Manitoba Claim Settlement Implementation Act (Norway House Cree Nation),https://laws-lois.justice.gc.ca/eng/XML/M-0.53.xml
T-10.47,"Manitoba Natural Resources Act, The",https://laws-lois.justice.gc.ca/eng/XML/T-10.47.xml
M-0.54,Manitoba Supplementary Provisions Act,https://laws-lois.justice.gc.ca/eng/XML/M-0.54.xml
M-0.58,Marine Atlantic Inc. Acquisition Authorization Act,https://laws-lois.justice.gc.ca/eng/XML/M-0.58.xml
M-0.6,Marine Insurance Act,https://laws-lois.justice.gc.ca/eng/XML/M-0.6.xml
M-0.7,Marine Liability Act,https://laws-lois.justice.gc.ca/eng/XML/M-0.7.xml
M-0.8,Marine Transportation Security Act,https://laws-lois.justice.gc.ca/eng/XML/M-0.8.xml
M-0.56,Marine War Risks Act,https://laws-lois.justice.gc.ca/eng/XML/M-0.56.xml
M-1.5,Marketing Freedom for Grain Farmers Act,https://laws-lois.justice.gc.ca/eng/XML/M-1.5.xml
M-2.1,Marriage (Prohibited Degrees) Act,https://laws-lois.justice.gc.ca/eng/XML/M-2.1.xml
M-3.2,"Meat Inspection Act [Repealed, 2012, c. 24, s. 77]",https://laws-lois.justice.gc.ca/eng/XML/M-3.2.xml
M-5,Members of Parliament Retiring Allowances Act,https://laws-lois.justice.gc.ca/eng/XML/M-5.xml
M-5.8,Merchant Navy Veterans Day Act,https://laws-lois.justice.gc.ca/eng/XML/M-5.8.xml
M-6,Merchant Seamen Compensation Act,https://laws-lois.justice.gc.ca/eng/XML/M-6.xml
M-7.6,Mi’kmaq Education Act,https://laws-lois.justice.gc.ca/eng/XML/M-7.6.xml
M-7.01,"Migratory Birds Convention Act, 1994",https://laws-lois.justice.gc.ca/eng/XML/M-7.01.xml
M-8,Ministries and Ministers of State Act,https://laws-lois.justice.gc.ca/eng/XML/M-8.xml
Z-0.91,"Miscellaneous Statute Law Amendment Act, 1991",https://laws-lois.justice.gc.ca/eng/XML/Z-0.91.xml
M-8.6,Modernization of Benefits and Obligations Act,https://laws-lois.justice.gc.ca/eng/XML/M-8.6.xml
M-9,Motor Vehicle Fuel Consumption Standards Act,https://laws-lois.justice.gc.ca/eng/XML/M-9.xml
M-10.01,Motor Vehicle Safety Act,https://laws-lois.justice.gc.ca/eng/XML/M-10.01.xml
M-12.01,Motor Vehicle Transport Act,https://laws-lois.justice.gc.ca/eng/XML/M-12.01.xml
M-12.8,Multilateral Instrument in Respect of Tax Conventions Act,https://laws-lois.justice.gc.ca/eng/XML/M-12.8.xml
M-13.4,Museums Act,https://laws-lois.justice.gc.ca/eng/XML/M-13.4.xml
M-13.6,Mutual Legal Assistance in Criminal Matters Act,https://laws-lois.justice.gc.ca/eng/XML/M-13.6.xml
C-45.7,Naskapi and the Cree-Naskapi Commission Act,https://laws-lois.justice.gc.ca/eng/XML/C-45.7.xml
N-1.4,National Acadian Day Act,https://laws-lois.justice.gc.ca/eng/XML/N-1.4.xml
N-2,National Anthem Act,https://laws-lois.justice.gc.ca/eng/XML/N-2.xml
N-2.5,"National Archives of Canada Act [Repealed,  2004, c. 11, s. 55]",https://laws-lois.justice.gc.ca/eng/XML/N-2.5.xml
N-3,National Arts Centre Act,https://laws-lois.justice.gc.ca/eng/XML/N-3.xml
N-3.4,National Battlefields at Quebec Act,https://laws-lois.justice.gc.ca/eng/XML/N-3.4.xml
N-3.7,National Blood Donor Week Act,https://laws-lois.justice.gc.ca/eng/XML/N-3.7.xml
N-4,National Capital Act,https://laws-lois.justice.gc.ca/eng/XML/N-4.xml
N-4.2,National Cemetery of Canada Act,https://laws-lois.justice.gc.ca/eng/XML/N-4.2.xml
N-4.3,National Council for Reconciliation Act,https://laws-lois.justice.gc.ca/eng/XML/N-4.3.xml
N-4.5,"National Day for Truth and Reconciliation), An Act to amend the Bills of Exchange Act, the Interpretation Act and the Canada Labour Code ( [Not in force]",https://laws-lois.justice.gc.ca/eng/XML/N-4.5.xml
N-4.6,National Day of Remembrance Act,https://laws-lois.justice.gc.ca/eng/XML/N-4.6.xml
N-5,National Defence Act,https://laws-lois.justice.gc.ca/eng/XML/N-5.xml
N-7,"National Energy Board Act [Repealed, 2019, c. 28, s. 44]",https://laws-lois.justice.gc.ca/eng/XML/N-7.xml
N-7.6,National Fiddling Day Act,https://laws-lois.justice.gc.ca/eng/XML/N-7.6.xml
N-8,National Film Act,https://laws-lois.justice.gc.ca/eng/XML/N-8.xml
N-8.6,National Flag of Canada Act,https://laws-lois.justice.gc.ca/eng/XML/N-8.6.xml
N-9,National Flag of Canada Manufacturing Standards Act,https://laws-lois.justice.gc.ca/eng/XML/N-9.xml
N-9.1,National Framework for Diabetes Act,https://laws-lois.justice.gc.ca/eng/XML/N-9.1.xml
N-9.2,National Framework on Cancers Linked to Firefighting Act,https://laws-lois.justice.gc.ca/eng/XML/N-9.2.xml
N-9.6,National Health and Fitness Day Act,https://laws-lois.justice.gc.ca/eng/XML/N-9.6.xml
N-10.5,National Holocaust Monument Act,https://laws-lois.justice.gc.ca/eng/XML/N-10.5.xml
N-10.7,National Horse of Canada Act,https://laws-lois.justice.gc.ca/eng/XML/N-10.7.xml
N-11,National Housing Act,https://laws-lois.justice.gc.ca/eng/XML/N-11.xml
N-11.2,National Housing Strategy Act,https://laws-lois.justice.gc.ca/eng/XML/N-11.2.xml
N-11.5,"National Hunting, Trapping and Fishing Heritage Day Act",https://laws-lois.justice.gc.ca/eng/XML/N-11.5.xml
N-12,"National Library Act [Repealed,  2004, c. 11, s. 56]",https://laws-lois.justice.gc.ca/eng/XML/N-12.xml
N-13.6,National Organ Donor Week Act,https://laws-lois.justice.gc.ca/eng/XML/N-13.6.xml
N-14.2,National Peacekeepers’ Day Act,https://laws-lois.justice.gc.ca/eng/XML/N-14.2.xml
N-14.3,National Philanthropy Day Act,https://laws-lois.justice.gc.ca/eng/XML/N-14.3.xml
N-14.4,National Public Service Week: Serving Canadians Better Act,https://laws-lois.justice.gc.ca/eng/XML/N-14.4.xml
N-15,National Research Council Act,https://laws-lois.justice.gc.ca/eng/XML/N-15.xml
N-15.8,"National Research Universal Reactor at Chalk River, An Act to permit the resumption and continuation of the operation of the",https://laws-lois.justice.gc.ca/eng/XML/N-15.8.xml
N-16.2,National Ribbon Skirt Day Act,https://laws-lois.justice.gc.ca/eng/XML/N-16.2.xml
N-16.4,"National Round Table on the Environment and the Economy Act [Repealed, 2012, c. 19, s. 593]",https://laws-lois.justice.gc.ca/eng/XML/N-16.4.xml
N-16.5,National Seal Products Day Act,https://laws-lois.justice.gc.ca/eng/XML/N-16.5.xml
N-16.56,"National Security Act, 2017",https://laws-lois.justice.gc.ca/eng/XML/N-16.56.xml
N-16.6,National Security and Intelligence Committee of Parliamentarians Act,https://laws-lois.justice.gc.ca/eng/XML/N-16.6.xml
N-16.62,National Security and Intelligence Review Agency Act,https://laws-lois.justice.gc.ca/eng/XML/N-16.62.xml
N-16.65,National Sickle Cell Awareness Day Act,https://laws-lois.justice.gc.ca/eng/XML/N-16.65.xml
N-16.7,National Sports of Canada Act,https://laws-lois.justice.gc.ca/eng/XML/N-16.7.xml
N-16.75,National Strategy for Alzheimer’s Disease and Other Dementias Act,https://laws-lois.justice.gc.ca/eng/XML/N-16.75.xml
N-16.77,National Strategy for Eye Care Act,https://laws-lois.justice.gc.ca/eng/XML/N-16.77.xml
N-16.8,National Strategy for Safe and Environmentally Sound Disposal of Lamps Containing Mercury Act,https://laws-lois.justice.gc.ca/eng/XML/N-16.8.xml
N-16.85,National Strategy Respecting Environmental Racism and Environmental Justice Act,https://laws-lois.justice.gc.ca/eng/XML/N-16.85.xml
N-17,National Symbol of Canada Act,https://laws-lois.justice.gc.ca/eng/XML/N-17.xml
W-10,National Wildlife Week Act,https://laws-lois.justice.gc.ca/eng/XML/W-10.xml
N-20.9,"Natural Resources Transfer (School Lands) Amendment Act, 1961",https://laws-lois.justice.gc.ca/eng/XML/N-20.9.xml
N-21,Natural Sciences and Engineering Research Council Act,https://laws-lois.justice.gc.ca/eng/XML/N-21.xml
N-22.4,Nelson House First Nation Flooded Land Act,https://laws-lois.justice.gc.ca/eng/XML/N-22.4.xml
N-22.6,New Bridge for the St. Lawrence Act,https://laws-lois.justice.gc.ca/eng/XML/N-22.6.xml
N-22.7,New Brunswick Indian Reserves Agreement Act,https://laws-lois.justice.gc.ca/eng/XML/N-22.7.xml
N-23,Newfoundland and Labrador Additional Financial Assistance Act,https://laws-lois.justice.gc.ca/eng/XML/N-23.xml
N-23.3,Nisga’a Final Agreement Act,https://laws-lois.justice.gc.ca/eng/XML/N-23.3.xml
N-23.6,Non-smokers’ Health Act,https://laws-lois.justice.gc.ca/eng/XML/N-23.6.xml
N-23.7,Nordion and Theratronics Divestiture Authorization Act,https://laws-lois.justice.gc.ca/eng/XML/N-23.7.xml
N-23.8,North American Free Trade Agreement Implementation Act,https://laws-lois.justice.gc.ca/eng/XML/N-23.8.xml
N-24.2,Northern Canada Power Commission (Share Issuance and Sale Authorization) Act,https://laws-lois.justice.gc.ca/eng/XML/N-24.2.xml
N-24.5,Northern Canada Power Commission Yukon Assets Disposal Authorization Act,https://laws-lois.justice.gc.ca/eng/XML/N-24.5.xml
N-26,Northern Pipeline Act,https://laws-lois.justice.gc.ca/eng/XML/N-26.xml
N-26.3,Northern Transportation Company Limited Disposal Authorization Act,https://laws-lois.justice.gc.ca/eng/XML/N-26.3.xml
N-26.5,Northumberland Strait Crossing Act,https://laws-lois.justice.gc.ca/eng/XML/N-26.5.xml
N-27.05,Northwest Territories Act,https://laws-lois.justice.gc.ca/eng/XML/N-27.05.xml
N-27,"Northwest Territories Act [Repealed, 2014, c. 2, s. 65]",https://laws-lois.justice.gc.ca/eng/XML/N-27.xml
N-27.1,"Northwest Territories Surface Rights Board Act [Repealed, 2014, c. 2, s. 67]",https://laws-lois.justice.gc.ca/eng/XML/N-27.1.xml
N-27.3,"Northwest Territories Waters Act [Repealed, 2014, c. 2, s. 66]",https://laws-lois.justice.gc.ca/eng/XML/N-27.3.xml
N-27.5,Nova Scotia and Newfoundland and Labrador Additional Fiscal Equalization Offset Payments Act,https://laws-lois.justice.gc.ca/eng/XML/N-27.5.xml
A-16,Nuclear Energy Act,https://laws-lois.justice.gc.ca/eng/XML/A-16.xml
N-27.7,Nuclear Fuel Waste Act,https://laws-lois.justice.gc.ca/eng/XML/N-27.7.xml
N-28,"Nuclear Liability Act [Repealed, 2015, c. 4, s. 128]",https://laws-lois.justice.gc.ca/eng/XML/N-28.xml
N-28.1,Nuclear Liability and Compensation Act,https://laws-lois.justice.gc.ca/eng/XML/N-28.1.xml
N-28.3,Nuclear Safety and Control Act,https://laws-lois.justice.gc.ca/eng/XML/N-28.3.xml
N-28.5,Nunavik Inuit Land Claims Agreement Act,https://laws-lois.justice.gc.ca/eng/XML/N-28.5.xml
N-28.6,Nunavut Act,https://laws-lois.justice.gc.ca/eng/XML/N-28.6.xml
N-28.7,Nunavut Land Claims Agreement Act,https://laws-lois.justice.gc.ca/eng/XML/N-28.7.xml
N-28.75,Nunavut Planning and Project Assessment Act,https://laws-lois.justice.gc.ca/eng/XML/N-28.75.xml
N-28.8,Nunavut Waters and Nunavut Surface Rights Tribunal Act,https://laws-lois.justice.gc.ca/eng/XML/N-28.8.xml
O-1,Oaths of Allegiance Act,https://laws-lois.justice.gc.ca/eng/XML/O-1.xml
O-2.4,Oceans Act,https://laws-lois.justice.gc.ca/eng/XML/O-2.4.xml
O-2.6,"Office of Port Warden for the Harbour of Montreal, An Act to amend and consolidate the Acts relating to the",https://laws-lois.justice.gc.ca/eng/XML/O-2.6.xml
O-2.7,Office of the Superintendent of Financial Institutions Act,https://laws-lois.justice.gc.ca/eng/XML/O-2.7.xml
O-2.8,Official Development Assistance Accountability Act,https://laws-lois.justice.gc.ca/eng/XML/O-2.8.xml
O-3.01,Official Languages Act,https://laws-lois.justice.gc.ca/eng/XML/O-3.01.xml
O-4,Official Residences Act,https://laws-lois.justice.gc.ca/eng/XML/O-4.xml
O-8,Oil Substitution and Conservation Act,https://laws-lois.justice.gc.ca/eng/XML/O-8.xml
O-8.3,Oil Tanker Moratorium Act,https://laws-lois.justice.gc.ca/eng/XML/O-8.3.xml
O-9,Old Age Security Act,https://laws-lois.justice.gc.ca/eng/XML/O-9.xml
O-9.1,Olympic (1976) Act,https://laws-lois.justice.gc.ca/eng/XML/O-9.1.xml
O-9.2,Olympic and Paralympic Marks Act,https://laws-lois.justice.gc.ca/eng/XML/O-9.2.xml
O-9.3,Online News Act,https://laws-lois.justice.gc.ca/eng/XML/O-9.3.xml
P-0.2,Pandemic Day Act,https://laws-lois.justice.gc.ca/eng/XML/P-0.2.xml
P-0.4,Parks Canada Agency Act,https://laws-lois.justice.gc.ca/eng/XML/P-0.4.xml
P-1,Parliament of Canada Act,https://laws-lois.justice.gc.ca/eng/XML/P-1.xml
P-1.3,Parliamentary Employment and Staff Relations Act,https://laws-lois.justice.gc.ca/eng/XML/P-1.3.xml
P-4,Patent Act,https://laws-lois.justice.gc.ca/eng/XML/P-4.xml
P-4.2,Pay Equity Act,https://laws-lois.justice.gc.ca/eng/XML/P-4.2.xml
P-4.3,Payment Card Networks Act,https://laws-lois.justice.gc.ca/eng/XML/P-4.3.xml
P-4.4,Payment Clearing and Settlement Act,https://laws-lois.justice.gc.ca/eng/XML/P-4.4.xml
M-13,Payments in Lieu of Taxes Act,https://laws-lois.justice.gc.ca/eng/XML/M-13.xml
P-4.6,"Payments to a trust established to provide provinces and territories with funding for community development, An Act respecting",https://laws-lois.justice.gc.ca/eng/XML/P-4.6.xml
P-6,Pension Act,https://laws-lois.justice.gc.ca/eng/XML/P-6.xml
P-6.7,Pension Benefits Division Act,https://laws-lois.justice.gc.ca/eng/XML/P-6.7.xml
P-7.01,"Pension Benefits Standards Act, 1985",https://laws-lois.justice.gc.ca/eng/XML/P-7.01.xml
P-8,Pension Fund Societies Act,https://laws-lois.justice.gc.ca/eng/XML/P-8.xml
P-8.3,"Perfluorooctane Sulfonate Virtual Elimination Act [Repealed, 2023, c. 12, s. 68]",https://laws-lois.justice.gc.ca/eng/XML/P-8.3.xml
P-8.6,Personal Information Protection and Electronic Documents Act,https://laws-lois.justice.gc.ca/eng/XML/P-8.6.xml
P-9.01,Pest Control Products Act,https://laws-lois.justice.gc.ca/eng/XML/P-9.01.xml
P-9,"Pest Control Products Act [Repealed,  2002, c. 28, s. 89]",https://laws-lois.justice.gc.ca/eng/XML/P-9.xml
P-10,Pesticide Residue Compensation Act,https://laws-lois.justice.gc.ca/eng/XML/P-10.xml
P-11.1,Petro-Canada Public Participation Act,https://laws-lois.justice.gc.ca/eng/XML/P-11.1.xml
P-12,Petroleum and Gas Revenue Tax Act,https://laws-lois.justice.gc.ca/eng/XML/P-12.xml
P-13.2,Pharmacare Act,https://laws-lois.justice.gc.ca/eng/XML/P-13.2.xml
P-13.4,Physical Activity and Sport Act,https://laws-lois.justice.gc.ca/eng/XML/P-13.4.xml
P-13.6,Pictou Landing Indian Band Agreement Act,https://laws-lois.justice.gc.ca/eng/XML/P-13.6.xml
P-14,Pilotage Act,https://laws-lois.justice.gc.ca/eng/XML/P-14.xml
P-14.2,Pioneer Trust Payment Continuation Act,https://laws-lois.justice.gc.ca/eng/XML/P-14.2.xml
P-14.6,Plant Breeders’ Rights Act,https://laws-lois.justice.gc.ca/eng/XML/P-14.6.xml
P-14.8,Plant Protection Act,https://laws-lois.justice.gc.ca/eng/XML/P-14.8.xml
P-15.3,Pooled Registered Pension Plans Act,https://laws-lois.justice.gc.ca/eng/XML/P-15.3.xml
P-15.4,Pope John Paul II Day Act,https://laws-lois.justice.gc.ca/eng/XML/P-15.4.xml
P-15.44,"Port of Montreal Operations Act, 2021",https://laws-lois.justice.gc.ca/eng/XML/P-15.44.xml
P-15.5,"Postal rates, An Act respecting certain",https://laws-lois.justice.gc.ca/eng/XML/P-15.5.xml
P-15.6,"Postal Services Continuation Act, 1987 [Repealed, 2017, c. 26, s. 65]",https://laws-lois.justice.gc.ca/eng/XML/P-15.6.xml
P-15.7,"Postal Services Continuation Act, 1991 [Repealed, 2017, c. 26, s. 66]",https://laws-lois.justice.gc.ca/eng/XML/P-15.7.xml
P-15.8,"Postal Services Continuation Act, 1997 [Repealed, 2017, c. 26, s. 70]",https://laws-lois.justice.gc.ca/eng/XML/P-15.8.xml
P-16,Postal Services Interruption Relief Act,https://laws-lois.justice.gc.ca/eng/XML/P-16.xml
P-16.5,Postal Services Resumption and Continuation Act,https://laws-lois.justice.gc.ca/eng/XML/P-16.5.xml
P-16.81,Poverty Reduction Act,https://laws-lois.justice.gc.ca/eng/XML/P-16.81.xml
P-16.8,"Poverty Reduction Act [Repealed, 2019, c. 29, s. 316]",https://laws-lois.justice.gc.ca/eng/XML/P-16.8.xml
P-17,Prairie Farm Rehabilitation Act,https://laws-lois.justice.gc.ca/eng/XML/P-17.xml
P-18,"Prairie Grain Advance Payments Act [Repealed, 2011, c. 25, s. 37]",https://laws-lois.justice.gc.ca/eng/XML/P-18.xml
P-19,Precious Metals Marking Act,https://laws-lois.justice.gc.ca/eng/XML/P-19.xml
P-19.3,"Preclearance Act [Repealed, 2017, c. 27, s. 64]",https://laws-lois.justice.gc.ca/eng/XML/P-19.3.xml
P-19.32,"Preclearance Act, 2016",https://laws-lois.justice.gc.ca/eng/XML/P-19.32.xml
P-19.45,Prevention of Terrorist Travel Act,https://laws-lois.justice.gc.ca/eng/XML/P-19.45.xml
P-19.6,Prince Rupert Grain Handling Operations Act,https://laws-lois.justice.gc.ca/eng/XML/P-19.6.xml
P-20,Prisons and Reformatories Act,https://laws-lois.justice.gc.ca/eng/XML/P-20.xml
P-21,Privacy Act,https://laws-lois.justice.gc.ca/eng/XML/P-21.xml
P-24,Privileges and Immunities (North Atlantic Treaty Organisation) Act,https://laws-lois.justice.gc.ca/eng/XML/P-24.xml
P-24.501,Proceeds of Crime (Money Laundering) and Terrorist Financing Act,https://laws-lois.justice.gc.ca/eng/XML/P-24.501.xml
P-24.8,Prohibiting Cluster Munitions Act,https://laws-lois.justice.gc.ca/eng/XML/P-24.8.xml
P-25,Prohibition of International Air Services Act,https://laws-lois.justice.gc.ca/eng/XML/P-25.xml
P-25.2,Prohibition on the Purchase of Residential Property by Non-Canadians Act,https://laws-lois.justice.gc.ca/eng/XML/P-25.2.xml
P-25.6,Protecting Air Service Act,https://laws-lois.justice.gc.ca/eng/XML/P-25.6.xml
P-25.7,Protection of Residential Mortgage or Hypothecary Insurance Act,https://laws-lois.justice.gc.ca/eng/XML/P-25.7.xml
P-26,Provincial Subsidies Act,https://laws-lois.justice.gc.ca/eng/XML/P-26.xml
P-27.5,Public Complaints and Review Commission Act [Not in force],https://laws-lois.justice.gc.ca/eng/XML/P-27.5.xml
P-28,Public Documents Act,https://laws-lois.justice.gc.ca/eng/XML/P-28.xml
P-29.5,Public Health Agency of Canada Act,https://laws-lois.justice.gc.ca/eng/XML/P-29.5.xml
P-29.71,"Public Health Events of National Concern Payments Act[Repealed, 2020, c. 12, s. 11]",https://laws-lois.justice.gc.ca/eng/XML/P-29.71.xml
P-29.7,"Public Health Events of National Concern Payments Act [Repealed, 2020, c. 5, s. 10]",https://laws-lois.justice.gc.ca/eng/XML/P-29.7.xml
P-31,Public Officers Act,https://laws-lois.justice.gc.ca/eng/XML/P-31.xml
P-31.4,Public Pensions Reporting Act,https://laws-lois.justice.gc.ca/eng/XML/P-31.4.xml
P-31.5,"Public Safety Act, 2002",https://laws-lois.justice.gc.ca/eng/XML/P-31.5.xml
P-31.6,Public Sector Compensation Act,https://laws-lois.justice.gc.ca/eng/XML/P-31.6.xml
P-31.65,Public Sector Equitable Compensation Act [Not in force],https://laws-lois.justice.gc.ca/eng/XML/P-31.65.xml
P-31.7,Public Sector Pension Investment Board Act,https://laws-lois.justice.gc.ca/eng/XML/P-31.7.xml
P-31.8,Public Sector Pension Reform,https://laws-lois.justice.gc.ca/eng/XML/P-31.8.xml
P-31.9,Public Servants Disclosure Protection Act,https://laws-lois.justice.gc.ca/eng/XML/P-31.9.xml
P-32,Public Servants Inventions Act,https://laws-lois.justice.gc.ca/eng/XML/P-32.xml
P-33.01,Public Service Employment Act,https://laws-lois.justice.gc.ca/eng/XML/P-33.01.xml
P-33,"Public Service Employment Act [Repealed,  2003, c. 22, s. 284]",https://laws-lois.justice.gc.ca/eng/XML/P-33.xml
P-33.4,Public Service Modernization Act,https://laws-lois.justice.gc.ca/eng/XML/P-33.4.xml
P-33.6,Public Service Pension Adjustment Act,https://laws-lois.justice.gc.ca/eng/XML/P-33.6.xml
P-34,Public Service Rearrangement and Transfer of Duties Act,https://laws-lois.justice.gc.ca/eng/XML/P-34.xml
P-35,"Public Service Staff Relations Act [Repealed,  2003, c. 22, s. 285]",https://laws-lois.justice.gc.ca/eng/XML/P-35.xml
P-36,Public Service Superannuation Act,https://laws-lois.justice.gc.ca/eng/XML/P-36.xml
S-21,Publication of Statutes Act,https://laws-lois.justice.gc.ca/eng/XML/S-21.xml
P-38.8,Purple Day Act,https://laws-lois.justice.gc.ca/eng/XML/P-38.8.xml
Q-0.5,Qalipu Mi’kmaq First Nation Act,https://laws-lois.justice.gc.ca/eng/XML/Q-0.5.xml
Q-1.1,Quarantine Act,https://laws-lois.justice.gc.ca/eng/XML/Q-1.1.xml
Q-1,"Quarantine Act [Repealed,  2005, c. 20, s. 82]",https://laws-lois.justice.gc.ca/eng/XML/Q-1.xml
Q-1.7,"Quebec Harbor, Port Warden Act",https://laws-lois.justice.gc.ca/eng/XML/Q-1.7.xml
Q-1.8,Queen Elizabeth II Canadian Research Fund Act,https://laws-lois.justice.gc.ca/eng/XML/Q-1.8.xml
R-1,Radiation Emitting Devices Act,https://laws-lois.justice.gc.ca/eng/XML/R-1.xml
R-2,Radiocommunication Act,https://laws-lois.justice.gc.ca/eng/XML/R-2.xml
R-3.2,Railway Belt Act,https://laws-lois.justice.gc.ca/eng/XML/R-3.2.xml
T-10.48,"Railway Belt and Peace River Block Act, The",https://laws-lois.justice.gc.ca/eng/XML/T-10.48.xml
R-3.25,Railway Belt Water Act,https://laws-lois.justice.gc.ca/eng/XML/R-3.25.xml
R-3.3,"Railway Continuation Act, 2007 [Repealed, 2017, c. 26, s. 71]",https://laws-lois.justice.gc.ca/eng/XML/R-3.3.xml
R-4,Railway Relocation and Crossing Act,https://laws-lois.justice.gc.ca/eng/XML/R-4.xml
R-4.2,Railway Safety Act,https://laws-lois.justice.gc.ca/eng/XML/R-4.2.xml
R-4.4,Recognition of Charlottetown as the Birthplace of Confederation Act,https://laws-lois.justice.gc.ca/eng/XML/R-4.4.xml
R-4.5,Red Tape Reduction Act,https://laws-lois.justice.gc.ca/eng/XML/R-4.5.xml
R-4.6,Reduction of Recidivism Framework Act,https://laws-lois.justice.gc.ca/eng/XML/R-4.6.xml
R-4.7,Referendum Act,https://laws-lois.justice.gc.ca/eng/XML/R-4.7.xml
R-4.9,Regional Development Incentives Act,https://laws-lois.justice.gc.ca/eng/XML/R-4.9.xml
R-5.3,"Regulations made pursuant to section 4 of the Aeronautics Act, An Act respecting",https://laws-lois.justice.gc.ca/eng/XML/R-5.3.xml
R-5.4,Remote Sensing Space Systems Act,https://laws-lois.justice.gc.ca/eng/XML/R-5.4.xml
R-5.44,Rental Housing Benefit Act,https://laws-lois.justice.gc.ca/eng/XML/R-5.44.xml
R-5.5,"Representation Act, 1974",https://laws-lois.justice.gc.ca/eng/XML/R-5.5.xml
R-5.6,"Representation Act, 1985",https://laws-lois.justice.gc.ca/eng/XML/R-5.6.xml
R-7,Resources and Technical Surveys Act,https://laws-lois.justice.gc.ca/eng/XML/R-7.xml
R-7.2,Restoring Mail Delivery for Canadians Act,https://laws-lois.justice.gc.ca/eng/XML/R-7.2.xml
R-7.3,Restoring Rail Service Act,https://laws-lois.justice.gc.ca/eng/XML/R-7.3.xml
R-7.36,Retail Payment Activities Act,https://laws-lois.justice.gc.ca/eng/XML/R-7.36.xml
R-7.4,Returned Soldiers’ Insurance Act,https://laws-lois.justice.gc.ca/eng/XML/R-7.4.xml
R-7.7,"Revised Statutes of Canada, 1985 Act",https://laws-lois.justice.gc.ca/eng/XML/R-7.7.xml
R-8,Revolving Funds Act,https://laws-lois.justice.gc.ca/eng/XML/R-8.xml
R-8.2,"Riding Name Change Act, 2014",https://laws-lois.justice.gc.ca/eng/XML/R-8.2.xml
R-8.5,Roosevelt Campobello International Park Commission Act,https://laws-lois.justice.gc.ca/eng/XML/R-8.5.xml
R-8.55,Rouge National Urban Park Act,https://laws-lois.justice.gc.ca/eng/XML/R-8.55.xml
R-8.6,Royal Assent Act,https://laws-lois.justice.gc.ca/eng/XML/R-8.6.xml
R-9,Royal Canadian Mint Act,https://laws-lois.justice.gc.ca/eng/XML/R-9.xml
R-10,Royal Canadian Mounted Police Act,https://laws-lois.justice.gc.ca/eng/XML/R-10.xml
R-10.6,Royal Canadian Mounted Police Pension Continuation Act,https://laws-lois.justice.gc.ca/eng/XML/R-10.6.xml
R-11,Royal Canadian Mounted Police Superannuation Act,https://laws-lois.justice.gc.ca/eng/XML/R-11.xml
R-12,Royal Style and Titles Act,https://laws-lois.justice.gc.ca/eng/XML/R-12.xml
R-12.1,"Royal Style and Titles Act, 2023",https://laws-lois.justice.gc.ca/eng/XML/R-12.1.xml
S-1,Safe Containers Convention Act,https://laws-lois.justice.gc.ca/eng/XML/S-1.xml
S-1.04,"Safe Drinking Water for First Nations Act [Repealed, 2022, c. 10, s. 178]",https://laws-lois.justice.gc.ca/eng/XML/S-1.04.xml
S-1.1,Safe Food for Canadians Act,https://laws-lois.justice.gc.ca/eng/XML/S-1.1.xml
S-1.3,Saguenay-St. Lawrence Marine Park Act,https://laws-lois.justice.gc.ca/eng/XML/S-1.3.xml
S-1.5,Sahtu Dene and Metis Land Claim Settlement Act,https://laws-lois.justice.gc.ca/eng/XML/S-1.5.xml
S-3,Salaries Act,https://laws-lois.justice.gc.ca/eng/XML/S-3.xml
T-10.49,"Saskatchewan Natural Resources Act, The",https://laws-lois.justice.gc.ca/eng/XML/T-10.49.xml
T-10.5,"Saskatchewan Natural Resources Acts, The",https://laws-lois.justice.gc.ca/eng/XML/T-10.5.xml
S-4.3,Saskatchewan Treaty Land Entitlement Act,https://laws-lois.justice.gc.ca/eng/XML/S-4.3.xml
S-6,Seals Act,https://laws-lois.justice.gc.ca/eng/XML/S-6.xml
S-6.7,Secure Air Travel Act,https://laws-lois.justice.gc.ca/eng/XML/S-6.7.xml
S-6.9,Security of Canada Information Disclosure Act,https://laws-lois.justice.gc.ca/eng/XML/S-6.9.xml
S-7,Security Offences Act,https://laws-lois.justice.gc.ca/eng/XML/S-7.xml
S-7.2,Security Screening Services Commercialization Act,https://laws-lois.justice.gc.ca/eng/XML/S-7.2.xml
S-8,Seeds Act,https://laws-lois.justice.gc.ca/eng/XML/S-8.xml
S-8.3,Seized Property Management Act,https://laws-lois.justice.gc.ca/eng/XML/S-8.3.xml
S-8.35,Select Luxury Items Tax Act,https://laws-lois.justice.gc.ca/eng/XML/S-8.35.xml
S-8.36,Self-Government Treaty Recognizing the Whitecap Dakota Nation / Wapaha Ska Dakota Oyate Act,https://laws-lois.justice.gc.ca/eng/XML/S-8.36.xml
S-8.4,Service Fees Act,https://laws-lois.justice.gc.ca/eng/XML/S-8.4.xml
S-8.5,Settlement of International Investment Disputes Act,https://laws-lois.justice.gc.ca/eng/XML/S-8.5.xml
S-8.7,Sex Offender Information Registration Act,https://laws-lois.justice.gc.ca/eng/XML/S-8.7.xml
S-8.9,Shared Services Canada Act,https://laws-lois.justice.gc.ca/eng/XML/S-8.9.xml
S-10.01,"Shipping Conferences Exemption Act, 1987",https://laws-lois.justice.gc.ca/eng/XML/S-10.01.xml
S-6.6,shíshálh Nation Self-Government Act,https://laws-lois.justice.gc.ca/eng/XML/S-6.6.xml
S-10.1,Sikh Heritage Month Act,https://laws-lois.justice.gc.ca/eng/XML/S-10.1.xml
S-10.2,Sioux Valley Dakota Nation Governance Act,https://laws-lois.justice.gc.ca/eng/XML/S-10.2.xml
S-10.4,Sir John A. Macdonald Day and the Sir Wilfrid Laurier Day Act,https://laws-lois.justice.gc.ca/eng/XML/S-10.4.xml
S-10.9,Small Business Investment Grants Act,https://laws-lois.justice.gc.ca/eng/XML/S-10.9.xml
S-12,Social Sciences and Humanities Research Council Act,https://laws-lois.justice.gc.ca/eng/XML/S-12.xml
S-12.55,"Softwood Lumber Products Export Charge Act, 2006",https://laws-lois.justice.gc.ca/eng/XML/S-12.55.xml
S-12.8,Soldier Settlement Act,https://laws-lois.justice.gc.ca/eng/XML/S-12.8.xml
S-13.5,Songhees Indian Reserve Act,https://laws-lois.justice.gc.ca/eng/XML/S-13.5.xml
S-14,Special Areas Act,https://laws-lois.justice.gc.ca/eng/XML/S-14.xml
S-14.3,"Special Committee on the Defence of Canada Regulations, An Act to grant access to records of the",https://laws-lois.justice.gc.ca/eng/XML/S-14.3.xml
S-14.5,Special Economic Measures Act,https://laws-lois.justice.gc.ca/eng/XML/S-14.5.xml
S-15,Special Import Measures Act,https://laws-lois.justice.gc.ca/eng/XML/S-15.xml
S-15.2,Special Retirement Arrangements Act,https://laws-lois.justice.gc.ca/eng/XML/S-15.2.xml
S-15.3,Species at Risk Act,https://laws-lois.justice.gc.ca/eng/XML/S-15.3.xml
S-15.34,"Specific Claims Resolution Act [Repealed, 2008, c. 22, s. 52]",https://laws-lois.justice.gc.ca/eng/XML/S-15.34.xml
S-15.36,Specific Claims Tribunal Act,https://laws-lois.justice.gc.ca/eng/XML/S-15.36.xml
S-15.4,Spending Control Act,https://laws-lois.justice.gc.ca/eng/XML/S-15.4.xml
S-15.6,Spirit Drinks Trade Act,https://laws-lois.justice.gc.ca/eng/XML/S-15.6.xml
S-15.7,Split Lake Cree First Nation Flooded Land Act,https://laws-lois.justice.gc.ca/eng/XML/S-15.7.xml
S-15.8,Sports Pool and Loto Canada Winding-Up Act,https://laws-lois.justice.gc.ca/eng/XML/S-15.8.xml
S-2.5,St. Peter’s Reserve Act,https://laws-lois.justice.gc.ca/eng/XML/S-2.5.xml
S-2.6,St. Regis Islands Act,https://laws-lois.justice.gc.ca/eng/XML/S-2.6.xml
S-16,Standards Council of Canada Act,https://laws-lois.justice.gc.ca/eng/XML/S-16.xml
S-18,State Immunity Act,https://laws-lois.justice.gc.ca/eng/XML/S-18.xml
S-19,Statistics Act,https://laws-lois.justice.gc.ca/eng/XML/S-19.xml
S-19.6,Status of the Artist Act,https://laws-lois.justice.gc.ca/eng/XML/S-19.6.xml
S-21.5,Statutes Repeal Act,https://laws-lois.justice.gc.ca/eng/XML/S-21.5.xml
S-22,Statutory Instruments Act,https://laws-lois.justice.gc.ca/eng/XML/S-22.xml
S-23.5,"Succession to the Throne Act, 2013",https://laws-lois.justice.gc.ca/eng/XML/S-23.5.xml
S-23.7,Supplementary Fiscal Equalization Payments 1982-87 Act,https://laws-lois.justice.gc.ca/eng/XML/S-23.7.xml
S-24,Supplementary Retirement Benefits Act,https://laws-lois.justice.gc.ca/eng/XML/S-24.xml
S-25.5,Supporting Vulnerable Seniors and Strengthening Canada’s Economy Act,https://laws-lois.justice.gc.ca/eng/XML/S-25.5.xml
S-26,Supreme Court Act,https://laws-lois.justice.gc.ca/eng/XML/S-26.xml
S-27,Surplus Crown Assets Act,https://laws-lois.justice.gc.ca/eng/XML/S-27.xml
T-1.5,"Tax Conventions Implementation Act, 2002",https://laws-lois.justice.gc.ca/eng/XML/T-1.5.xml
T-1.6,"Tax Conventions Implementation Act, 2004",https://laws-lois.justice.gc.ca/eng/XML/T-1.6.xml
T-1.7,"Tax Conventions Implementation Act, 2013",https://laws-lois.justice.gc.ca/eng/XML/T-1.7.xml
T-2,Tax Court of Canada Act,https://laws-lois.justice.gc.ca/eng/XML/T-2.xml
T-3,Tax Rebate Discounting Act,https://laws-lois.justice.gc.ca/eng/XML/T-3.xml
T-1.3,Tax-back Guarantee Act,https://laws-lois.justice.gc.ca/eng/XML/T-1.3.xml
T-3.4,Telecommunications Act,https://laws-lois.justice.gc.ca/eng/XML/T-3.4.xml
C-16,Telefilm Canada Act,https://laws-lois.justice.gc.ca/eng/XML/C-16.xml
T-4.2,Teleglobe Canada Reorganization and Divestiture Act,https://laws-lois.justice.gc.ca/eng/XML/T-4.2.xml
T-6.1,Telesat Canada Reorganization and Divestiture Act,https://laws-lois.justice.gc.ca/eng/XML/T-6.1.xml
T-7,Territorial Lands Act,https://laws-lois.justice.gc.ca/eng/XML/T-7.xml
T-10,Textile Labelling Act,https://laws-lois.justice.gc.ca/eng/XML/T-10.xml
T-10.6,Thunder Bay Grain Handling Operations Act,https://laws-lois.justice.gc.ca/eng/XML/T-10.6.xml
T-11,"Timber Marking Act [Repealed, 2017, c. 33, s. 227]",https://laws-lois.justice.gc.ca/eng/XML/T-11.xml
T-11.1,Time Limits and Other Periods Act (COVID-19),https://laws-lois.justice.gc.ca/eng/XML/T-11.1.xml
T-11.2,Tla’amin Final Agreement Act,https://laws-lois.justice.gc.ca/eng/XML/T-11.2.xml
T-11.3,Tlicho Land Claims and Self-Government Act,https://laws-lois.justice.gc.ca/eng/XML/T-11.3.xml
T-11.5,Tobacco and Vaping Products Act,https://laws-lois.justice.gc.ca/eng/XML/T-11.5.xml
T-14,Trade Unions Act,https://laws-lois.justice.gc.ca/eng/XML/T-14.xml
T-13,Trademarks Act,https://laws-lois.justice.gc.ca/eng/XML/T-13.xml
T-15,"Transfer of Offenders Act [Repealed,  2004, c. 21, s. 42]",https://laws-lois.justice.gc.ca/eng/XML/T-15.xml
T-16,Translation Bureau Act,https://laws-lois.justice.gc.ca/eng/XML/T-16.xml
T-18.5,Transportation Appeal Tribunal of Canada Act,https://laws-lois.justice.gc.ca/eng/XML/T-18.5.xml
T-19.01,"Transportation of Dangerous Goods Act, 1992",https://laws-lois.justice.gc.ca/eng/XML/T-19.01.xml
Z-041,"Treaties of Peace (Italy, Romania, Hungary and Finland) Act, 1948",https://laws-lois.justice.gc.ca/eng/XML/Z-041.xml
T-19.8,Trust and Loan Companies Act,https://laws-lois.justice.gc.ca/eng/XML/T-19.8.xml
T-21.5,Tsawwassen First Nation Final Agreement Act,https://laws-lois.justice.gc.ca/eng/XML/T-21.5.xml
U-0.4,Ukrainian Famine and Genocide (“Holodomor”) Memorial Day Act,https://laws-lois.justice.gc.ca/eng/XML/U-0.4.xml
U-0.5,Underused Housing Tax Act,https://laws-lois.justice.gc.ca/eng/XML/U-0.5.xml
U-0.6,Unemployment Assistance Act,https://laws-lois.justice.gc.ca/eng/XML/U-0.6.xml
U-1.5,Unemployment Insurance Benefit Entitlement Adjustments (Pension Payments) Act,https://laws-lois.justice.gc.ca/eng/XML/U-1.5.xml
U-2,United Nations Act,https://laws-lois.justice.gc.ca/eng/XML/U-2.xml
U-2.2,United Nations Declaration on the Rights of Indigenous Peoples Act,https://laws-lois.justice.gc.ca/eng/XML/U-2.2.xml
U-2.4,United Nations Foreign Arbitral Awards Convention Act,https://laws-lois.justice.gc.ca/eng/XML/U-2.4.xml
U-3,United States Wreckers Act,https://laws-lois.justice.gc.ca/eng/XML/U-3.xml
U-3.2,Universal Child Care Benefit Act,https://laws-lois.justice.gc.ca/eng/XML/U-3.2.xml
U-3.5,Use of French in Federally Regulated Private Businesses Act [Not in force],https://laws-lois.justice.gc.ca/eng/XML/U-3.5.xml
U-3.7,"User Fees Act [Repealed, 2017, c. 20, s. 456]",https://laws-lois.justice.gc.ca/eng/XML/U-3.7.xml
V-1.3,Veterans Benefit Act,https://laws-lois.justice.gc.ca/eng/XML/V-1.3.xml
V-1.4,Veterans Insurance Act,https://laws-lois.justice.gc.ca/eng/XML/V-1.4.xml
V-1.6,Veterans Review and Appeal Board Act,https://laws-lois.justice.gc.ca/eng/XML/V-1.6.xml
C-16.8,Veterans Well-being Act,https://laws-lois.justice.gc.ca/eng/XML/C-16.8.xml
V-1.5,Veterans’ Land Act,https://laws-lois.justice.gc.ca/eng/XML/V-1.5.xml
V-1.8,Vimy Ridge Day Act,https://laws-lois.justice.gc.ca/eng/XML/V-1.8.xml
V-2,Visiting Forces Act,https://laws-lois.justice.gc.ca/eng/XML/V-2.xml
V-3,"Vocational Rehabilitation of Disabled Persons Act [Repealed,  2005, c. 35, s. 69]",https://laws-lois.justice.gc.ca/eng/XML/V-3.xml
W-0.8,Wage Earner Protection Program Act,https://laws-lois.justice.gc.ca/eng/XML/W-0.8.xml
W-1,Wages Liability Act,https://laws-lois.justice.gc.ca/eng/XML/W-1.xml
W-2.5,War Service Grants Act,https://laws-lois.justice.gc.ca/eng/XML/W-2.5.xml
W-3,War Veterans Allowance Act,https://laws-lois.justice.gc.ca/eng/XML/W-3.xml
W-5,Weather Modification Information Act,https://laws-lois.justice.gc.ca/eng/XML/W-5.xml
W-6,Weights and Measures Act,https://laws-lois.justice.gc.ca/eng/XML/W-6.xml
W-6.4,"West Coast Ports Operations Act, 1994 [Repealed, 2017, c. 26, s. 67]",https://laws-lois.justice.gc.ca/eng/XML/W-6.4.xml
W-6.5,"West Coast Ports Operations Act, 1995 [Repealed, 2017, c. 26, s. 68]",https://laws-lois.justice.gc.ca/eng/XML/W-6.5.xml
W-6.2,Westbank First Nation Self-Government Act,https://laws-lois.justice.gc.ca/eng/XML/W-6.2.xml
W-6.7,Western Arctic (Inuvialuit) Claims Settlement Act,https://laws-lois.justice.gc.ca/eng/XML/W-6.7.xml
W-6.75,"Western Canada Telephone Company, An Act to repeal An Act to incorporate the",https://laws-lois.justice.gc.ca/eng/XML/W-6.75.xml
W-6.8,Western Economic Diversification Act,https://laws-lois.justice.gc.ca/eng/XML/W-6.8.xml
W-7.8,Western Grain Transition Payments Act,https://laws-lois.justice.gc.ca/eng/XML/W-7.8.xml
W-8.5,Wild Animal and Plant Protection and Regulation of International and Interprovincial Trade Act,https://laws-lois.justice.gc.ca/eng/XML/W-8.5.xml
W-11,Winding-up and Restructuring Act,https://laws-lois.justice.gc.ca/eng/XML/W-11.xml
W-11.2,Witness Protection Program Act,https://laws-lois.justice.gc.ca/eng/XML/W-11.2.xml
W-11.4,Women’s Royal Naval Services and the South African Military Nursing Service (Benefits) Act,https://laws-lois.justice.gc.ca/eng/XML/W-11.4.xml
W-11.5,Workers Mourning Day Act,https://laws-lois.justice.gc.ca/eng/XML/W-11.5.xml
O-9.5,"Works on the Ottawa River, An Act respecting certain",https://laws-lois.justice.gc.ca/eng/XML/O-9.5.xml
W-11.6,World Autism Awareness Day Act,https://laws-lois.justice.gc.ca/eng/XML/W-11.6.xml
W-11.8,World Trade Organization Agreement Implementation Act,https://laws-lois.justice.gc.ca/eng/XML/W-11.8.xml
W-12.3,"Wrecked, Abandoned or Hazardous Vessels Act",https://laws-lois.justice.gc.ca/eng/XML/W-12.3.xml
Y-0.2,Yale First Nation Final Agreement Act,https://laws-lois.justice.gc.ca/eng/XML/Y-0.2.xml
Y-0.6,York Factory First Nation Flooded Land Act,https://laws-lois.justice.gc.ca/eng/XML/Y-0.6.xml
Y-1,"Young Offenders Act [Repealed, 2002, c. 1, s. 199]",https://laws-lois.justice.gc.ca/eng/XML/Y-1.xml
Y-1.5,Youth Criminal Justice Act,https://laws-lois.justice.gc.ca/eng/XML/Y-1.5.xml
Y-2.01,Yukon Act,https://laws-lois.justice.gc.ca/eng/XML/Y-2.01.xml
Y-2,"Yukon Act [Repealed, 2002, c. 7, s. 280]",https://laws-lois.justice.gc.ca/eng/XML/Y-2.xml
Y-2.2,Yukon Environmental and Socio-economic Assessment Act,https://laws-lois.justice.gc.ca/eng/XML/Y-2.2.xml
Y-2.3,Yukon First Nations Land Claims Settlement Act,https://laws-lois.justice.gc.ca/eng/XML/Y-2.3.xml
Y-2.6,Yukon First Nations Self-Government Act,https://laws-lois.justice.gc.ca/eng/XML/Y-2.6.xml
Y-3,"Yukon Placer Mining Act [Repealed, 2002, c. 7, s. 281]",https://laws-lois.justice.gc.ca/eng/XML/Y-3.xml
Y-4,"Yukon Quartz Mining Act [Repealed, 2002, c. 7, s. 282]",https://laws-lois.justice.gc.ca/eng/XML/Y-4.xml
Y-4.3,Yukon Surface Rights Board Act,https://laws-lois.justice.gc.ca/eng/XML/Y-4.3.xml
Y-4.6,"Yukon Waters Act [Repealed, 2002, c. 7, s. 284]",https://laws-lois.justice.gc.ca/eng/XML/Y-4.6.xml
